observ,profile1,profile2,profile3,profile4,profile5,profile6,profile7,profile8,profile9,profile10,profile11,profile12,profile13,profile14,profile15,profile16,profile17,profile18,profile19,profile20,profile21,profile22,profile23,profile24,profile25
1,-1650,-1350,-4700,-5800,-5450,-5750,-5700,-2900,-4700,-5550,-4950,-5650,-5650,-5650,-5650,-5650,-5650,-5600,-5600,-5600,-5600,-5600,-5600,-4950,-4950
2,-1650,-1350,-4700,-5800,-5350,-5750,-5700,-2900,-4700,-5550,-5000,-5650,-5650,-5650,-5600,-5600,-5650,-5600,-5600,-5600,-5600,-5600,-5600,-4950,-5050
3,-1600,-3050,-4750,-5650,-5250,-5750,-5750,-2800,-4650,-5600,-5050,-5650,-5650,-5650,-5600,-5600,-5650,-5550,-5550,-5550,-5550,-5550,-5550,-5050,-5050
4,-1600,-3050,-4750,-5650,-5300,-5750,-5750,-2800,-4650,-5600,-5100,-5600,-5600,-5600,-5600,-5600,-5600,-5550,-5550,-5550,-5550,-5550,-5550,-5050,-4300
5,-5300,-3100,-5900,-5700,-5500,-5650,-5700,-2100,-4600,-5500,-5150,-5550,-5600,-5600,-5550,-5600,-5600,-5500,-5500,-5500,-5500,-5500,-5500,-5000,-4300
6,-5300,-3100,-5900,-5700,-5550,-5650,-5700,-2100,-4600,-5500,-5200,-5500,-5600,-5600,-5500,-5600,-5600,-5500,-5500,-5500,-5500,-5500,-5500,-5000,-4200
7,-5400,-3600,-5850,-5850,-4850,-5700,-5750,-2050,-4550,-5500,-4100,-5700,-5550,-5600,-5700,-5550,-5600,-2600,-2900,-4800,-4800,-4950,-4800,-4650,-4200
8,-5400,-3600,-5850,-5850,-4950,-5700,-5750,-2050,-4550,-5500,-4100,-5700,-5550,-5600,-5750,-5500,-5600,-2600,-2900,-4850,-4850,-5000,-4800,-4650,-4250
9,-5400,-3600,-2800,-5450,-5100,-5650,-5700,-2000,-4500,-5550,-4050,-5700,-5550,-5600,-5750,-5700,-5600,-2650,-3650,-4850,-4850,-4800,-4800,-4700,-4250
10,-5400,-3600,-2800,-5350,-5050,-5650,-5700,-2000,-4500,-5550,-4050,-5750,-5500,-5600,-5750,-5750,-5600,-2650,-3650,-4850,-4850,-4800,-4800,-4750,-5000
11,-5450,-3550,-2950,-5250,-5000,-5700,-5700,-1950,-4450,-4950,-4000,-5900,-5500,-5550,-5900,-5900,-5550,-2800,-3650,-4850,-4850,-4800,-4800,-4750,-5000
12,-5450,-3550,-2950,-5300,-4900,-5700,-5750,-1950,-4450,-5000,-4000,-5950,-5500,-5550,-5950,-5900,-5500,-2800,-3650,-4850,-4850,-4850,-4850,-4600,-4950
13,-5350,-3550,-2900,-5500,-5200,-5700,-5800,-1900,-4400,-5050,-4750,-5950,-5500,-5550,-5850,-5900,-5700,-2750,-3700,-4850,-4850,-5050,-4850,-4600,-4950
14,-5350,-3550,-2900,-5550,-5150,-5700,-5800,-1900,-4400,-5050,-4750,-5950,-5500,-5550,-5850,-5900,-5750,-2750,-3700,-4850,-4800,-5050,-4850,-4800,-4650
15,-5350,-3500,-2850,-4950,-5400,-5700,-5800,-1850,-4800,-5050,-4750,-5850,-5700,-5550,-5850,-5850,-5750,-2700,-4800,-5400,-4800,-5100,-4850,-4800,-4650
16,-5350,-3500,-2850,-5100,-5800,-5700,-5800,-1850,-4800,-5100,-4800,-5800,-5700,-5500,-5800,-5800,-5750,-2700,-4850,-5400,-5000,-5100,-4850,-4800,-4600
17,-5700,-3450,-3300,-5050,-5800,-5700,-5850,-2450,-4750,-5100,-4800,-6000,-5700,-5500,-6000,-5800,-5750,-4700,-4850,-5450,-5000,-5000,-5100,-4800,-4600
18,-5700,-3450,-3300,-5000,-5800,-5700,-5850,-2450,-4750,-5100,-4800,-6000,-5750,-5500,-6000,-5800,-5750,-4700,-5400,-5450,-4950,-5000,-5050,-4850,-4550
19,-5400,-2550,-3250,-4900,-5800,-5700,-5800,-2400,-5150,-5100,-4850,-5950,-5750,-5700,-8800,-5800,-5800,-4900,-5400,-5050,-4950,-5000,-5000,-4850,-4550
20,-5400,-2550,-3250,-5200,-5700,-5700,-5800,-2400,-5150,-5100,-4850,-5950,-5750,-5750,-8800,-5800,-5800,-4900,-5450,-5050,-4950,-5000,-4950,-4850,-4500
21,-5400,-2600,-3200,-5150,-5700,-5700,-6000,-2350,-5200,-5100,-4850,-5950,-5900,-5750,-8750,-8450,-5800,-4850,-5450,-5100,-4950,-4950,-4550,-4850,-4500
22,-5400,-2600,-3200,-5400,-5700,-5700,-6000,-2350,-5200,-5100,-3850,-5950,-5900,-5750,-8750,-8450,-5800,-4850,-5050,-5100,-5400,-4950,-4550,-4550,-4500
23,-5700,-2650,-3150,-5700,-5700,-5700,-5950,-2300,-5100,-5150,-3850,-5900,-5900,-5900,-8700,-8450,-5800,-4800,-5050,-5150,-5400,-4950,-4500,-4550,-4500
24,-5700,-2650,-3150,-5700,-5750,-5700,-5950,-2300,-5100,-5150,-3850,-5900,-5950,-5950,-8700,-8450,-5800,-4800,-5100,-5150,-5450,-4950,-4500,-4500,-4450
25,-5700,-2700,-3100,-5750,-5750,-5700,-5900,-2250,-5050,-5150,-3850,-5750,-5850,-5950,-8650,-8400,-5800,-4750,-5100,-5200,-5450,-4900,-4450,-4500,-4450
26,-5750,-2700,-3100,-5750,-5750,-5700,-5900,-2250,-5050,-5150,-4400,-5750,-5800,-5950,-8650,-8400,-8450,-4750,-5150,-5200,-5050,-4900,-4450,-4350,-4450
27,-5750,-2750,-3050,-5750,-5750,-5700,-6150,-2200,-5000,-5150,-4400,-3800,-5750,-5950,-8600,-8400,-8450,-5250,-5150,-5250,-5050,-4850,-5200,-4350,-4450
28,-5750,-2750,-3050,-5750,-5850,-5700,-6150,-2200,-5000,-5200,-4400,-3800,-5750,-5950,-8600,-8400,-8400,-5250,-5200,-5250,-5100,-4850,-5200,-4450,-4400
29,-1900,-2800,-3000,-5800,-5850,-5700,-6100,-2150,-4950,-5200,-4450,-3800,-5800,-5850,-8550,-8300,-8400,-4900,-5200,-5300,-5100,-4950,-5150,-4450,-4400
30,-1900,-2800,-3000,-5800,-5800,-5750,-6100,-2150,-4950,-5200,-4450,-3800,-5800,-5800,-8550,-8300,-8700,-4900,-5250,-5300,-5150,-4950,-4800,-4500,-4800
31,-1850,-2850,-3650,-5750,-5800,-5750,-6050,-2800,-6250,-2400,-4450,-3800,-6200,-5700,-8500,-8350,-8700,-3650,-5250,-5350,-5150,-4950,-4800,-4500,-4800
32,-1850,-2850,-3650,-5750,-5300,-5750,-6050,-2800,-6250,-2400,-4500,-3800,-6200,-5700,-8500,-8350,-9000,-3650,-5300,-5350,-5200,-4950,-4850,-4550,-4800
33,-1800,-5750,-3600,-5850,-5300,-5750,-2450,-2750,-6250,-2350,-4500,-3800,-6250,-6000,-8900,-8750,-9000,-3700,-5300,-4700,-5200,-5050,-4850,-4550,-4800
34,-1800,-5750,-3600,-5850,-5250,-5800,-2450,-2750,-6250,-2350,-4500,-3800,-6250,-6000,-8900,-8750,-8950,-3700,-5350,-4700,-5250,-5050,-4950,-4600,-4850
35,-1750,-3300,-3550,-5850,-5250,-5800,-6450,-2700,-6200,-3950,-4550,-3750,-5800,-6000,-8850,-8700,-8950,-5400,-5350,-4750,-5250,-5000,-4950,-4600,-4850
36,-1750,-3300,-3550,-5850,-5200,-5650,-6450,-2700,-6200,-3950,-4550,-3750,-5800,-6000,-8850,-8700,-8900,-5400,-4700,-4750,-5300,-5000,-4950,-4650,-4350
37,-1700,-3250,-3500,-6250,-5200,-5650,-6400,-2650,-6200,-1900,-4550,-3750,-5850,-6000,-9050,-8700,-8900,-5400,-4700,-4800,-5300,-4950,-4950,-4650,-4350
38,-1700,-3250,-3500,-6250,-5150,-5850,-6400,-2650,-6200,-1900,-4600,-3750,-5850,-6000,-9050,-8700,-8850,-5400,-4750,-4800,-5350,-4950,-4750,-4400,-4750
39,-2250,-3200,-3450,-6250,-5150,-5850,-6350,-2600,-6000,-1950,-4600,-3950,-5900,-6000,-9100,-9050,-8850,-5450,-4750,-4850,-5350,-4250,-4750,-4400,-4750
40,-2250,-3200,-3450,-6250,-5650,-6250,-6350,-2600,-6000,-1950,-4600,-3950,-5900,-5550,-9100,-9050,-8800,-5450,-4800,-4850,-4700,-4250,-4700,-5100,-4700
41,-2200,-2900,-3400,-6200,-5650,-6250,-6300,-2550,-6000,-1850,-4650,-3950,-5700,-5550,-8950,-8950,-8800,-5450,-4800,-4900,-4700,-5400,-4700,-5100,-4700
42,-2200,-2900,-3400,-6200,-5600,-6200,-6300,-2550,-6000,-1850,-4650,-3950,-5700,-5650,-8950,-8950,-8750,-5450,-4850,-4900,-4750,-5400,-4900,-5150,-4950
43,-2150,-2950,-3350,-6200,-5600,-6200,-6250,-2500,-6050,-4100,-4650,-3650,-5650,-5650,-9000,-8900,-8750,-5050,-4850,-4950,-4750,-5450,-4900,-5150,-4950
44,-2150,-2950,-3350,-6200,-5550,-5800,-6250,-2500,-6050,-4100,-4700,-3650,-5650,-5600,-9000,-8900,-9050,-5050,-4900,-4950,-4800,-5450,-4850,-4400,-4900
45,-2100,-3150,-4000,-5800,-5550,-5800,-6200,-3150,-6050,-4150,-4700,-3700,-5950,-5600,-9150,-9000,-9050,-5050,-4900,-5000,-4800,-5050,-4850,-4400,-4900
46,-2100,-3150,-4000,-5800,-5500,-2300,-6200,-3150,-6050,-4150,-4700,-3700,-5950,-5250,-9150,-9000,-5550,-5050,-4950,-5000,-4850,-5050,-4950,-4200,-5200
47,-2050,-3000,-3950,-3900,-5500,-2300,-3900,-3100,-6150,-3800,-4050,-4100,-6000,-5250,-8450,-8850,-5550,-5050,-4950,-4650,-4850,-5100,-4950,-4200,-5200
48,-2050,-3000,-3950,-3900,-5450,-2250,-3900,-3100,-6150,-3800,-4050,-4100,-6000,-5700,-8450,-8850,-5550,-5050,-5000,-4650,-4900,-5100,-5000,-4250,-5150
49,-2000,-3400,-3900,-5700,-5450,-2250,-3950,-3050,-6150,-3850,-4050,-4050,-6050,-5700,-8400,-8800,-5550,-5100,-5000,-4550,-4900,-5150,-5000,-4250,-5150
50,-2000,-3400,-3900,-5700,-5400,-2200,-3950,-3050,-6150,-3850,-4100,-4050,-6050,-5300,-8400,-8800,-5550,-5100,-4650,-4550,-4950,-5150,-5050,-4300,-5100
51,-1950,-3350,-3850,-4650,-5400,-2200,-4000,-3000,-6100,-3700,-4100,-4000,-6100,-5300,-5550,-8700,-5550,-5100,-4650,-4550,-4950,-5200,-5050,-4300,-5100
52,-1950,-3350,-3850,-4650,-5350,-2150,-4000,-3000,-6100,-3700,-4100,-4000,-6100,-5400,-5550,-8700,-8650,-5100,-4550,-4600,-5000,-5200,-4850,-4350,-4800
53,-2450,-2200,-3800,-4600,-5350,-2150,-4050,-2950,-6100,-3750,-4150,-3850,-6150,-5400,-6100,-8800,-8650,-5150,-4550,-4600,-5000,-5250,-4850,-4350,-4850
54,-2450,-2200,-3800,-4600,-3250,-2350,-4050,-2950,-6100,-3750,-4150,-3850,-6150,-5350,-6100,-8800,-8600,-5150,-4550,-4600,-4650,-5250,-4800,-4450,-5350
55,-2400,-2250,-3750,-5900,-3250,-2350,-4100,-2900,-3350,-3900,-4150,-3850,-5450,-5350,-6150,-8750,-8600,-5150,-4600,-4350,-4650,-5300,-4800,-4450,-5350
56,-2400,-2250,-3750,-5900,-3400,-2300,-4100,-2900,-3350,-3900,-4200,-3850,-5450,-5450,-6150,-8750,-8550,-5150,-4600,-4350,-4550,-5300,-5000,-4550,-5300
57,-2350,-2300,-3700,-5900,-3400,-2300,-4100,-2850,-2900,-3850,-4200,-3850,-5500,-5450,-6050,-3950,-8550,-5150,-4600,-4350,-4550,-5350,-5000,-4550,-5300
58,-2350,-2300,-3700,-5900,-3300,-2100,-4100,-2850,-2900,-3850,-4200,-3850,-5500,-5500,-6050,-3950,-8500,-5150,-4350,-4350,-4550,-5350,-5100,-4550,-5250
59,-2300,-2350,-4950,-5800,-3300,-2100,-3200,-2950,-3050,-3950,-4250,-3850,-5550,-5500,-6050,-5550,-8500,-5200,-4350,-4350,-4600,-4700,-5100,-4550,-5250
60,-2300,-2350,-4950,-5800,-3350,-2000,-3200,-2950,-3050,-3950,-4250,-3850,-5550,-5750,-6050,-5550,-5450,-5200,-4350,-4400,-4600,-4700,-4950,-4500,-3200
61,-5850,-2400,-4900,-5850,-3350,-2000,-3150,-3050,-3000,-4000,-4250,-3900,-5600,-5750,-6100,-8850,-5450,-5200,-4400,-4400,-4600,-4750,-4950,-4500,-3200
62,-5850,-2400,-4900,-5850,-3550,-2050,-3150,-3050,-3000,-4000,-4300,-3900,-5600,-5950,-6100,-8850,-5500,-5200,-4400,-4400,-4350,-4750,-5000,-4500,-3150
63,-5800,-2450,-4850,-6000,-3550,-2050,-5200,-5100,-2950,-3800,-4300,-3900,-6100,-5950,-6000,-8650,-5500,-5250,-4400,-4400,-4350,-4800,-5000,-4500,-3150
64,-5800,-2450,-4850,-6000,-3500,-6950,-5200,-5100,-2950,-3800,-4300,-3900,-6100,-5850,-6000,-8650,-5400,-5250,-4400,-4400,-4350,-4800,-5050,-4450,-4850
65,-5650,-2500,-4800,-6600,-3500,-6950,-5700,-5050,-3400,-2300,-4350,-3900,-6050,-5850,-5900,-8650,-5400,-5300,-4400,-4450,-4400,-4850,-5050,-4450,-4850
66,-5650,-2500,-4800,-6600,-3450,-6450,-5700,-5050,-3400,-2300,-4350,-3900,-6050,-5900,-5900,-8650,-5350,-5300,-4450,-4450,-4400,-4850,-5400,-4300,-3550
67,-5650,-1850,-4150,-6600,-3450,-6450,-5050,-2650,-3350,-2350,-4350,-4150,-6000,-5900,-5800,-8650,-5350,-5350,-4450,-4450,-4400,-4900,-5400,-4300,-3550
68,-5600,-1850,-4150,-6600,-3150,-6400,-5050,-2650,-3350,-2350,-3650,-4150,-6000,-6100,-5800,-8650,-5300,-5350,-4450,-4450,-4450,-4900,-5450,-4350,-3500
69,-5600,-1850,-4100,-6550,-3150,-6400,-4600,-2700,-3300,-2400,-3650,-4050,-6000,-6100,-5850,-8600,-5300,-5350,-4500,-4450,-4450,-4950,-5450,-4350,-3500
70,-5600,-1850,-4100,-6550,-3200,-6350,-4600,-2700,-3300,-2400,-3700,-4050,-6050,-6050,-5850,-8600,-3850,-5350,-4500,-4500,-4450,-4950,-5050,-4850,-3450
71,-5550,-1900,-4050,-6650,-3200,-6350,-4550,-2750,-3250,-2600,-3700,-4000,-6050,-6050,-5950,-8600,-3850,-4700,-4500,-4500,-4500,-5000,-5050,-4850,-3450
72,-5550,-1900,-4050,-6650,-3800,-6000,-4550,-2750,-3250,-2600,-3750,-4000,-7150,-4550,-5950,-8600,-5600,-4700,-4300,-4500,-4500,-5000,-5100,-4800,-3400
73,-5550,-1900,-4350,-6850,-3800,-6000,-4500,-2800,-3200,-2150,-3750,-3750,-7150,-4550,-5700,-8550,-5600,-4700,-4300,-4300,-4500,-4650,-5100,-4800,-3400
74,-5550,-1900,-4350,-6850,-3750,-6300,-4500,-2800,-3200,-2150,-3800,-3750,-7100,-4650,-5700,-8550,-5650,-4700,-4300,-4300,-4300,-4650,-5150,-4750,-3350
75,-5550,-1950,-4400,-7650,-3750,-6300,-4450,-2850,-3150,-2200,-3800,-3800,-7100,-4650,-5750,-8550,-5650,-4700,-4250,-4300,-4300,-4550,-5150,-4750,-3350
76,-5500,-1950,-4400,-7650,-3700,-5950,-4450,-2850,-3150,-2200,-3800,-3800,-7050,-4400,-5750,-8550,-5700,-4700,-4250,-4300,-4300,-4550,-5200,-4400,-3300
77,-5500,-2000,-4450,-7700,-3700,-5950,-4950,-2900,-3100,-2500,-3800,-3950,-7050,-4400,-6050,-8500,-5700,-4750,-4250,-4300,-4250,-4550,-5200,-4400,-3300
78,-5500,-2000,-4450,-7700,-3650,-5900,-4950,-2900,-3100,-2500,-5000,-3950,-6100,-4450,-6050,-8500,-5750,-4750,-4000,-4250,-4250,-4550,-5250,-4300,-3250
79,-5500,-2050,-4500,-6800,-3650,-5900,-4900,-3000,-3550,-2250,-5000,-3650,-6050,-4450,-6050,-8500,-5750,-4750,-4000,-4250,-4250,-4550,-5250,-4300,-3250
80,-5500,-2050,-4500,-6800,-3600,-6150,-4900,-3000,-3550,-2250,-4950,-3650,-3800,-4450,-6050,-8500,-4100,-4750,-4000,-4250,-4000,-4600,-5300,-4350,-3900
81,-5400,-2100,-4550,-7050,-3600,-6150,-4850,-2300,-3500,-2550,-4950,-3700,-3800,-4450,-6100,-5450,-4100,-4800,-4000,-4250,-4000,-4600,-5300,-4350,-3900
82,-5400,-2100,-4550,-7050,-4150,-6100,-4850,-2300,-3500,-2550,-4900,-3700,-3800,-4450,-6100,-5450,-3900,-4800,-4000,-4250,-4000,-4600,-5350,-4400,-3850
83,-5400,-2150,-4600,-7500,-4150,-6100,-4800,-2350,-3450,-3300,-4900,-4100,-3800,-4450,-6150,-5500,-3900,-4800,-4000,-4250,-4050,-4350,-5350,-4400,-3850
84,-5400,-2150,-4600,-7500,-3900,-6050,-4800,-2350,-3450,-3300,-4900,-4100,-3800,-2550,-6150,-5500,-5500,-4800,-4000,-4250,-4050,-4350,-4700,-4450,-3800
85,-5400,-1400,-4650,-7000,-3900,-6050,-4750,-2400,-3650,-3350,-3950,-1400,-3800,-2550,-5450,-4600,-5500,-4850,-4050,-4000,-4050,-4350,-4700,-4450,-3800
86,-5450,-1400,-4650,-7000,-4000,-6500,-4750,-2400,-3650,-3350,-3950,-1400,-3800,-2900,-5450,-4600,-3950,-4850,-4050,-4000,-4100,-4400,-4750,-4500,-3750
87,-5450,-1400,-5000,-6750,-4000,-6500,-4700,-2450,-3600,-3500,-3950,-1350,-3800,-2900,-5500,-4650,-3950,-4850,-4050,-4000,-4100,-4400,-4750,-4500,-3750
88,-5450,-1400,-5000,-6750,-3850,-2900,-4700,-2450,-3600,-3500,-3950,-1350,-3750,-2850,-5500,-4650,-4000,-4850,-4050,-4050,-4100,-4400,-4800,-4000,-3700
89,-5450,-1650,-4200,-6950,-3850,-2900,-4650,-2500,-4000,-3450,-3950,-1300,-3750,-2850,-4250,-4700,-4000,-4850,-4050,-4050,-4150,-4450,-4800,-4000,-3700
90,-5450,-1650,-4200,-6950,-4050,-5800,-4650,-2500,-4000,-3450,-3900,-1300,-3750,-2800,-4250,-4700,-4050,-4850,-4050,-4050,-4150,-4450,-4850,-4050,-3650
91,-5050,-1650,-4250,-6700,-4050,-5800,-5150,-2550,-3950,-3400,-3900,-1750,-3750,-2800,-4300,-4750,-4050,-4900,-4050,-4050,-4150,-4450,-4850,-4050,-3650
92,-5050,-1650,-4250,-6700,-4100,-6600,-5150,-2550,-3950,-3400,-3900,-1750,-3750,-2750,-4300,-4750,-5550,-4900,-4050,-4050,-4200,-4500,-4900,-4100,-3600
93,-5050,-1700,-4300,-6900,-4100,-6600,-5100,-2600,-3900,-3550,-3900,-1700,-3750,-2750,-4350,-4800,-5550,-4900,-4050,-4100,-4200,-4500,-4900,-4100,-3600
94,-5050,-1700,-4300,-6900,-3550,-6550,-5100,-2600,-3900,-3550,-3900,-1700,-3650,-2700,-4350,-4800,-4350,-4900,-4100,-4100,-4200,-4500,-4950,-4150,-4100
95,-5050,-1700,-5400,-7250,-3550,-6550,-5050,-1950,-3850,-3600,-3900,-1650,-3650,-2700,-4400,-4850,-4350,-4900,-4100,-4100,-3650,-4500,-4950,-4150,-4100
96,-5050,-1700,-5350,-7250,-4350,-6850,-5050,-1950,-3850,-3600,-3900,-1650,-3650,-2650,-4400,-4850,-4300,-4900,-4100,-4100,-3650,-4500,-5000,-4200,-4200
97,-5050,-1600,-5200,-7150,-4350,-6850,-5000,-2000,-3800,-3800,-4000,-1600,-3650,-2650,-4450,-4900,-4300,-4950,-4100,-4100,-3650,-4300,-5000,-4200,-4200
98,-5100,-1600,-5200,-7150,-4300,-6800,-5000,-2000,-3800,-3800,-4000,-1600,-3700,-2600,-4450,-4900,-4250,-4950,-4100,-4150,-3650,-4300,-4650,-4250,-4200
99,-5100,-1600,-5150,-7300,-4300,-6800,-4150,-2050,-3750,-3550,-4000,-1550,-3700,-2600,-4500,-3600,-4250,-4950,-4150,-4150,-3700,-4300,-4650,-4250,-4200
100,-5100,-1600,-5150,-7300,-4250,-6750,-4150,-2050,-3750,-3550,-3200,-1550,-3700,-5300,-4500,-3600,-4200,-4950,-4150,-4150,-3700,-4250,-4550,-4550,-4150
101,-5100,-1750,-5100,-7350,-4250,-6750,-4150,-2100,-3700,-3350,-3200,-1500,-3700,-5300,-4550,-3650,-4200,-4950,-4150,-4150,-3700,-4250,-4550,-4550,-4150
102,-5100,-1750,-5100,-7350,-3500,-6900,-4150,-2100,-3700,-3350,-3250,-1500,-3850,-4650,-4550,-3650,-4150,-4950,-4150,-4150,-3700,-4250,-4550,-3900,-4150
103,-5150,-1750,-5050,-7100,-3500,-6900,-4200,-2150,-4350,-3250,-3250,-1450,-3850,-4650,-4650,-3700,-4150,-4950,-4150,-4150,-3750,-4000,-4600,-3900,-4150
104,-5150,-1750,-5050,-7100,-3450,-6700,-4200,-2150,-4350,-3250,-3300,-1450,-3850,-5350,-4650,-3700,-5400,-4950,-4200,-4150,-3750,-4000,-4600,-3950,-4550
105,-5150,-1550,-5300,-7400,-3450,-6700,-4200,-2200,-4300,-3300,-3300,-1150,-3850,-5350,-4100,-3800,-5400,-5000,-4200,-4200,-3750,-4000,-4600,-3950,-4550
106,-5150,-1550,-5450,-7400,-4200,-6650,-4200,-2200,-4300,-3300,-3350,-1150,-3850,-3100,-4100,-3800,-5450,-5000,-4200,-4200,-3750,-4000,-4600,-4700,-4500
107,-5150,-1550,-5250,-7400,-4200,-6650,-4250,-2250,-4250,-3400,-3350,-1100,-3850,-3100,-4150,-3750,-5450,-5000,-4200,-4200,-3800,-4000,-4600,-4700,-4500
108,-5200,-1550,-5250,-7400,-3950,-5850,-4250,-2250,-4250,-3400,-3400,-1100,-3850,-3050,-4150,-3750,-5850,-5000,-4200,-4200,-3800,-4000,-4350,-4700,-4100
109,-5200,-1800,-5700,-7450,-3950,-5850,-4300,-1600,-4200,-4300,-3400,-1050,-3850,-3050,-4200,-3850,-5850,-5000,-3650,-4200,-3800,-4000,-4350,-4700,-4100
110,-5200,-1800,-5700,-7450,-4700,-5300,-4300,-1600,-4200,-4300,-3450,-1050,-3900,-3000,-4200,-3850,-4600,-5000,-3650,-3650,-3800,-4050,-4350,-4700,-4050
111,-5200,-1800,-5700,-7600,-4700,-5300,-4350,-1650,-4150,-3550,-3450,-1900,-3900,-3000,-6000,-3900,-4600,-4650,-3700,-3650,-3850,-4050,-4400,-4700,-4050
112,-5200,-1800,-5700,-7600,-4650,-5300,-4350,-1650,-4150,-3550,-3500,-1900,-3900,-2950,-6000,-3900,-4550,-4650,-3700,-3650,-3850,-4050,-4400,-4750,-4000
113,-5250,-1500,-5700,-7550,-4650,-5300,-3550,-1700,-4100,-3500,-3500,-1850,-3900,-2950,-6050,-3450,-4550,-4650,-3750,-3650,-3850,-4050,-4400,-4750,-4000
114,-5250,-1500,-5700,-7550,-4600,-5350,-3550,-1700,-4100,-3500,-2850,-1850,-3900,-8550,-6050,-3450,-4500,-4650,-3750,-3700,-3850,-4050,-4450,-4750,-3950
115,-5250,-1500,-5700,-7200,-4600,-5350,-3500,-1750,-4050,-3450,-2850,-1800,-3900,-8550,-5550,-3500,-4500,-4650,-3800,-3700,-3900,-4050,-4450,-4750,-3950
116,-5250,-1500,-5700,-7200,-4550,-5800,-3500,-1750,-4050,-3450,-2900,-1800,-3650,-8500,-5550,-3500,-5300,-4550,-3800,-3700,-3900,-4050,-4450,-4800,-4250
117,-5250,-1450,-5750,-6450,-4550,-5800,-3450,-1800,-5600,-3600,-2900,-2050,-3650,-8500,-5600,-3550,-5300,-4550,-3850,-3700,-3900,-4100,-4500,-4800,-4250
118,-5300,-1450,-5750,-6450,-4500,-5750,-3450,-1800,-5600,-3600,-2950,-2050,-3700,-8450,-5600,-3550,-4450,-4550,-3850,-3750,-3900,-4100,-4500,-5400,-4250
119,-5300,-1450,-5750,-6400,-4500,-5750,-3400,-1850,-5550,-3650,-2950,-2150,-3700,-8450,-5650,-4500,-4450,-4550,-3900,-3750,-3900,-4100,-4500,-5400,-4250
120,-5300,-1450,-5750,-6400,-4450,-5750,-3400,-1850,-5550,-3650,-3000,-2150,-2250,-8400,-5650,-4500,-5350,-4550,-3900,-3750,-3900,-4150,-4300,-5450,-4450
121,-5300,-3800,-5750,-6350,-4450,-5750,-3350,-1900,-5550,-4050,-3000,-2100,-2250,-8400,-3550,-4950,-5350,-4550,-3900,-3750,-3900,-4150,-4300,-5450,-4450
122,-5300,-3800,-5750,-6350,-4400,-5600,-3350,-1900,-5550,-4050,-3050,-2100,-2200,-5550,-3550,-4950,-4400,-4600,-3900,-3800,-3950,-4150,-4300,-5050,-4450
123,-5350,-3800,-5750,-6000,-4400,-5600,-3250,-1250,-5650,-3250,-3050,-2250,-2200,-5550,-3500,-5000,-4400,-4600,-3900,-3800,-3950,-4200,-4250,-5050,-4450
124,-5350,-3800,-5750,-6000,-5050,-5650,-3250,-1250,-5650,-3250,-3100,-2250,-2400,-5700,-3500,-5000,-4800,-4600,-3900,-3800,-3950,-4200,-4250,-5100,-4400
125,-5350,-3750,-5750,-6300,-5050,-5650,-3300,-1300,-5600,-3750,-3100,-2250,-2400,-5700,-3800,-5050,-4800,-4600,-3900,-3800,-3950,-4200,-4250,-5100,-4400
126,-5350,-3750,-5750,-6300,-5000,-5850,-3300,-1300,-5600,-3750,-3150,-2250,-2350,-5750,-3800,-5050,-5000,-4600,-3950,-3800,-3950,-3650,-4000,-5150,-4400
127,-5350,-3750,-5950,-5950,-5000,-5850,-3850,-1350,-5700,-3700,-3150,-1950,-2350,-5750,-3800,-5100,-5000,-4600,-3950,-3800,-3300,-3650,-4000,-5150,-4400
128,-4700,-3750,-5950,-5950,-4950,-5900,-3850,-1350,-5700,-3700,-2550,-1950,-2300,-5800,-3800,-5100,-4950,-4350,-3950,-3850,-3300,-3650,-4000,-5200,-4350
129,-4700,-3700,-6650,-5950,-4950,-5900,-3800,-1400,-5500,-3150,-2550,-1950,-2300,-5800,-3800,-5150,-4950,-4350,-3950,-3850,-3300,-3650,-4000,-5200,-4350
130,-4700,-3700,-6650,-5950,-4900,-5550,-3800,-1400,-5550,-3150,-2600,-1950,-2500,-5850,-3800,-5150,-4750,-4350,-3950,-3900,-3300,-3650,-4000,-5250,-4350
131,-4700,-3700,-4850,-5900,-4900,-5550,-3750,-1450,-3800,-3400,-2600,-1900,-2500,-5850,-3750,-5200,-4750,-4350,-3950,-3900,-3350,-3700,-4000,-5250,-4350
132,-4700,-3700,-4850,-5900,-4850,-5700,-3750,-1450,-3800,-3400,-2650,-1900,-2550,-5900,-3750,-5200,-4700,-4400,-3950,-3900,-3350,-3700,-4000,-5300,-4300
133,-4750,-3650,-4900,-5900,-4850,-5700,-3700,-1500,-3800,-3500,-2650,-1900,-2550,-5900,-3750,-5250,-4700,-4400,-3300,-3900,-3350,-3700,-4000,-5300,-4300
134,-4750,-3650,-4900,-5900,-4800,-5650,-3700,-1500,-3800,-3500,-2700,-1900,-2600,-5500,-3750,-5250,-5250,-4400,-3300,-3900,-3350,-3700,-4000,-5350,-4300
135,-4750,-3650,-5750,-6150,-4800,-5650,-3650,-1550,-3750,-3450,-2700,-2000,-2600,-5500,-3750,-4250,-5250,-4400,-3350,-3950,-3350,-3700,-4050,-5350,-4300
136,-4750,-3650,-5750,-6150,-4750,-5500,-3650,-1550,-3750,-3450,-2750,-2000,-2650,-5550,-3750,-4250,-4650,-4450,-3350,-3950,-3350,-3750,-4050,-4700,-3650
137,-4750,-5700,-5800,-6100,-4750,-5500,-3600,-900,-3750,-3200,-2750,-1850,-2650,-5550,-3650,-4250,-4650,-4450,-3400,-3950,-3400,-3750,-4050,-4700,-3650
138,-4800,-5700,-5800,-6100,-3900,-5650,-3600,-900,-3750,-3200,-2800,-1850,-2700,-5600,-3650,-4250,-4850,-4450,-3400,-3300,-3400,-3750,-4050,-4700,-3600
139,-4800,-5700,-5850,-6050,-3900,-5650,-5250,-950,-3700,-2000,-2800,-1800,-2700,-5600,-3700,-4300,-4850,-4450,-3450,-3300,-3400,-3750,-4050,-4700,-3600
140,-4800,-5700,-5850,-6050,-3850,-5650,-5250,-950,-3700,-2000,-2400,-1800,-2750,-5650,-3700,-4300,-5150,-4500,-3450,-3350,-3400,-3750,-4050,-4750,-4250
141,-4800,-5700,-5500,-6500,-3850,-5650,-4700,-1000,-3700,-2050,-2400,-2200,-2750,-5650,-3700,-4300,-5150,-4500,-3450,-3350,-3400,-3800,-4050,-4750,-4250
142,-4800,-5700,-5500,-6500,-3800,-5650,-4700,-1000,-3700,-2050,-2200,-2200,-3350,-5700,-3700,-4300,-5100,-4500,-3450,-3350,-3400,-3800,-4050,-4800,-4200
143,-4850,-5750,-5450,-5650,-3800,-5650,-4650,-1050,-3850,-2100,-2200,-2400,-3350,-5700,-3850,-4350,-5100,-4500,-3500,-3350,-3450,-3800,-4050,-4800,-4200
144,-4850,-5750,-5450,-5650,-3750,-5650,-4650,-1050,-3850,-2100,-3950,-2400,-3900,-5750,-3850,-4350,-5200,-4500,-3500,-3400,-3450,-3800,-4100,-4850,-3950
145,-4850,-5750,-5400,-5650,-3750,-5600,-4600,-1100,-1950,-2450,-3950,-2350,-3900,-5750,-3850,-4350,-5200,-4500,-3500,-3400,-3450,-3800,-4100,-4850,-3950
146,-4850,-5750,-5400,-5650,-3700,-5600,-4600,-1100,-1950,-2450,-4000,-2350,-1200,-5800,-3850,-4350,-4900,-4300,-3500,-3400,-3450,-3850,-4100,-4900,-3900
147,-4850,-4700,-5850,-5600,-3700,-5600,-4550,-1150,-1900,-1650,-4000,-2300,-1200,-5800,-3850,-4400,-4900,-4300,-3550,-3400,-3500,-3850,-4100,-4900,-3900
148,-4850,-4700,-5850,-5600,-3650,-5600,-4550,-1150,-1900,-1650,-3900,-2300,-3300,-5950,-3850,-4400,-5050,-4300,-3550,-3450,-3500,-3850,-4100,-4950,-3850
149,-4850,-4750,-5850,-5600,-3650,-5600,-4500,-1200,-3750,-1700,-3900,-1900,-3300,-5950,-3900,-4400,-5050,-4300,-3550,-3450,-3500,-3850,-4150,-4950,-3850
150,-4900,-4750,-5850,-5600,-3600,-5600,-4500,-1200,-3750,-1700,-3150,-1900,-3400,-5850,-3900,-4400,-5700,-4250,-3550,-3450,-3500,-3850,-4150,-5000,-3800
151,-4900,-4800,-5850,-5550,-3600,-5600,-4450,-4700,-3800,-1750,-3150,-1950,-3400,-5850,-3900,-4450,-5700,-4250,-3600,-3450,-3550,-3900,-4150,-5000,-3800
152,-4900,-4800,-5850,-5550,-4950,-5600,-4450,-4700,-3800,-1750,-3200,-1950,-2150,-5900,-3900,-4450,-5800,-4250,-3600,-3500,-3550,-3900,-4150,-4650,-3750
153,-4900,-4850,-5850,-5550,-4950,-5600,-4400,-4700,-3950,-1800,-3200,-2000,-2150,-5900,-3900,-4450,-5800,-4250,-3600,-3500,-3550,-3900,-4150,-4650,-3750
154,-4900,-4850,-5850,-5500,-5000,-5600,-4400,-4650,-3950,-1800,-3950,-2000,-2200,-5650,-3900,-4450,-5850,-4000,-3600,-3500,-3550,-3900,-4200,-4650,-3700
155,-4900,-4050,-5850,-5500,-5000,-5600,-4800,-4650,-3900,-1850,-3950,-2050,-2200,-5650,-5400,-4500,-5850,-4000,-3000,-3500,-3600,-3900,-4200,-4650,-3700
156,-4900,-4050,-5850,-5500,-5050,-5550,-4800,-4650,-3900,-1850,-3600,-2050,-2250,-5900,-5450,-4500,-5150,-4000,-3000,-3550,-3600,-3900,-4200,-4650,-4500
157,-4950,-4100,-5850,-2400,-5050,-5550,-4750,-4600,-3850,-1900,-3600,-2100,-2250,-5900,-5050,-4550,-5150,-4000,-3050,-3550,-3600,-3900,-3650,-4650,-4500
158,-4950,-4100,-5850,-2400,-5100,-5550,-4750,-4600,-3850,-1900,-4100,-2100,-2300,-5800,-5050,-4550,-5200,-4050,-3050,-3550,-3600,-3900,-3650,-4650,-4450
159,-4950,-4150,-6250,-2350,-5100,-5550,-3100,-4600,-4000,-1950,-4100,-2150,-2300,-5800,-5050,-3950,-5200,-4050,-3100,-3550,-3000,-3900,-3650,-4650,-4450
160,-4950,-4150,-6250,-2350,-4800,-5550,-3100,-4550,-4000,-1950,-4100,-2150,-2350,-5850,-5100,-3950,-5250,-4050,-3100,-3600,-3000,-3950,-3650,-4650,-4400
161,-4950,-4200,-6200,-5400,-4800,-5550,-3250,-4550,-4000,-1300,-4100,-2200,-2350,-5850,-5100,-4000,-5250,-4050,-3100,-3600,-3050,-3950,-3650,-4650,-4400
162,-4950,-4200,-6200,-5400,-4850,-5550,-3250,-4550,-4000,-1300,-4100,-2200,-2400,-6000,-5100,-4000,-4800,-4100,-3100,-3600,-3050,-3950,-3650,-4550,-4350
163,-4950,-4250,-5800,-5400,-4850,-5550,-3200,-4500,-3950,-1350,-4100,-1850,-2400,-6000,-5150,-4000,-4800,-4100,-3150,-3600,-3100,-3950,-3700,-4550,-4350
164,-5000,-4250,-5800,-5450,-4900,-5550,-3200,-4500,-3950,-1350,-4050,-1850,-2450,-5950,-5200,-4000,-4850,-4100,-3150,-3000,-3100,-3950,-3700,-4550,-4300
165,-5000,-4300,-5800,-5450,-4900,-5550,-3150,-4500,-3950,-1400,-4050,-1750,-2450,-5950,-5250,-4050,-4850,-4100,-3150,-3000,-3150,-3950,-3700,-4550,-4300
166,-5000,-4300,-5800,-5450,-4700,-5550,-3150,-4450,-3950,-1400,-4050,-1750,-2100,-5950,-5300,-4050,-4900,-4150,-3150,-3050,-3150,-3950,-3700,-4550,-4050
167,-5000,-4350,-5800,-5050,-4700,-5500,-3700,-4450,-3750,-1450,-4050,-1800,-2100,-5950,-5350,-4050,-4900,-4150,-3150,-3050,-3200,-3300,-3700,-4600,-4050
168,-5000,-4350,-5800,-5050,-4750,-5500,-3700,-4450,-3750,-1450,-4050,-1800,-1900,-3800,-4700,-4050,-4950,-4150,-3150,-3100,-3200,-3300,-3700,-4600,-4100
169,-5000,-3800,-5800,-5050,-4750,-5500,-3750,-4400,-4100,-1500,-4050,-1850,-1900,-3800,-4750,-4100,-4950,-4150,-3200,-3100,-3250,-3300,-3700,-4600,-4100
170,-5000,-3800,-5800,-5100,-4600,-5500,-3750,-4400,-4100,-1500,-4000,-1850,-1950,-3800,-4800,-4100,-5000,-4200,-3200,-3150,-3250,-3300,-3750,-4600,-4000
171,-4650,-3850,-5800,-5100,-4600,-5500,-3800,-4400,-4050,-1550,-4000,-5400,-1950,-3800,-4850,-4100,-5000,-4200,-3200,-3150,-4850,-3350,-3750,-4600,-4000
172,-4650,-3850,-5800,-5100,-4600,-5500,-3800,-4800,-4050,-1550,-4000,-5400,-2000,-3800,-4900,-4100,-5050,-4200,-3200,-3200,-4850,-3350,-3750,-4600,-4150
173,-4650,-3900,-5800,-5150,-4600,-5500,-3850,-4800,-4150,-1600,-4000,-5400,-2000,-3800,-4950,-4150,-5050,-4200,-3250,-3200,-4700,-3350,-3750,-4600,-4150
174,-4650,-3900,-5800,-5150,-4650,-2400,-3850,-4800,-4150,-1600,-4000,-5450,-2050,-3750,-5000,-4150,-5100,-4200,-3250,-3250,-4700,-3350,-3750,-4600,-6300
175,-4650,-3950,-5600,-5150,-4650,-2400,-3900,-4750,-4200,-950,-4000,-5450,-2050,-3750,-4650,-4150,-5100,-4200,-3250,-3250,-4750,-3400,-3800,-4600,-6300
176,-4550,-3950,-5600,-5200,-4650,-2350,-3900,-4750,-4200,-950,-4200,-5450,-2100,-3750,-4550,-4150,-4450,-3650,-3250,-4550,-4750,-3400,-3800,-4600,-6350
177,-4550,-4000,-5500,-5200,-4650,-2350,-3150,-4750,-4350,-1000,-4200,-5050,-2100,-3750,-4550,-4200,-4450,-3650,-4750,-4550,-2850,-3400,-3800,-4600,-6350
178,-4550,-4000,-5500,-5200,-4500,-3800,-3150,-1850,-4350,-1000,-4250,-5100,-2150,-3750,-4600,-4200,-4500,-3650,-4750,-4700,-2850,-3400,-3800,-4600,-4600
179,-4550,-5850,-5650,-5250,-4500,-3800,-3200,-1850,-4400,-1050,-4250,-5150,-2150,-3750,-4350,-4200,-4500,-3650,-4700,-4700,-2900,-3400,-3800,-4600,-4600
180,-4550,-5850,-5650,-5250,-4500,-3800,-3200,-1800,-4400,-1050,-4300,-5200,-1700,-3750,-4350,-4200,-4550,-3650,-4700,-4600,-2900,-3450,-3800,-4600,-5500
181,-4550,-5800,-5700,-5250,-4500,-3800,-3400,-1800,-4300,-1100,-4300,-5250,-1700,-3750,-4400,-3400,-4550,-3650,-4800,-4600,-2950,-3450,-3800,-4600,-5500
182,-4600,-5800,-5700,-5300,-4550,-3750,-3400,-1750,-4300,-1100,-4350,-5250,-1750,-3650,-4400,-3400,-4600,-3700,-4800,-4650,-2950,-3450,-3850,-4350,-5550
183,-4600,-5650,-6200,-5300,-4550,-3750,-3450,-1750,-4250,-1150,-4350,-5250,-1750,-3650,-4450,-3450,-4600,-3700,-4800,-4650,-2550,-3450,-3850,-4350,-5550
184,-4600,-5650,-6200,-5300,-4550,-3750,-3450,-1700,-4250,-1150,-4150,-5300,-1800,-3650,-4450,-3450,-4650,-3700,-4800,-4750,-2550,-3450,-3850,-4350,-5600
185,-4600,-5650,-6150,-5350,-4550,-3750,-3500,-1700,-4200,-1200,-4150,-5300,-1800,-3650,-4500,-3500,-4650,-3700,-4850,-4750,-2600,-3500,-3850,-4350,-5600
186,-4600,-5650,-6150,-5350,-4400,-3650,-3500,-1650,-4200,-1200,-3700,-5300,-1850,-3650,-4500,-3500,-4700,-3700,-4850,-4800,-2600,-3500,-3850,-4400,-5950
187,-4600,-5650,-5550,-5350,-4400,-3650,-3550,-1650,-4150,-1250,-3700,-5350,-1850,-3650,-4300,-3750,-4700,-3700,-4750,-4800,-2650,-3500,-3850,-4400,-5950
188,-4350,-5650,-5550,-4700,-4400,-3700,-3550,-1600,-4150,-1250,-3700,-5350,-1500,-3700,-4300,-3750,-4750,-3750,-4750,-4950,-2650,-3500,-3850,-4400,-6000
189,-4350,-5650,-4750,-4700,-4400,-3700,-3600,-1600,-4100,-600,-3700,-5350,-1500,-3700,-4250,-5400,-4750,-3750,-4800,-4950,-2700,-3500,-3850,-4400,-6000
190,-4350,-5600,-4750,-4700,-3400,-5400,-3600,-2200,-4100,-600,-3650,-4700,-1550,-3700,-4250,-5400,-4100,-3750,-4800,-4750,-2700,-3550,-3850,-4450,-6050
191,-4350,-5600,-4800,-4750,-3400,-5400,-3650,-2200,-4050,-650,-3650,-4750,-1550,-3700,-4250,-5350,-4100,-3750,-3300,-4750,-2750,-3550,-3900,-4450,-6050
192,-4350,-5600,-4800,-4750,-4450,-5400,-3650,-2150,-4050,-650,-3600,-4800,-1600,-3700,-4250,-5350,-4150,-3750,-3300,-4800,-2750,-3550,-3900,-4450,-6100
193,-4350,-5600,-5900,-4750,-4450,-5400,-3250,-2150,-2400,-700,-3600,-4850,-1600,-3700,-4000,-5300,-4150,-3750,-3350,-4800,-2800,-3550,-3900,-4500,-6100
194,-4400,-5600,-5900,-4800,-4450,-5400,-3250,-2100,-2400,-700,-3850,-4900,-1650,-3700,-4000,-5300,-4200,-3800,-3350,-4900,-2800,-3550,-3900,-4500,-6150
195,-4400,-5550,-5900,-4800,-4450,-5450,-3300,-2100,-2350,-750,-3850,-4950,-1650,-3700,-4050,-5450,-4200,-3800,-3400,-4900,-2200,-3600,-3900,-4500,-6150
196,-4400,-5550,-5900,-4800,-3650,-5450,-3300,-2050,-2350,-750,-4400,-5000,-1250,-3850,-4050,-5450,-4250,-3800,-3400,-4950,-2200,-3600,-3900,-4500,-6200
197,-4400,-5550,-5950,-4850,-3650,-5450,-3350,-2050,-4400,-800,-4400,-5650,-1250,-3850,-4100,-5500,-4250,-3800,-3000,-4950,-2450,-3600,-3900,-4500,-6200
198,-4400,-5550,-5950,-4850,-3600,-5450,-3350,-2000,-4400,-800,-3500,-5650,-1300,-3850,-4100,-5500,-4300,-3850,-3000,-5000,-2450,-3600,-3900,-4500,-6250
199,-4400,-5550,-6600,-4850,-3600,-5450,-2850,-2000,-4150,-850,-3500,-5600,-1300,-3850,-4150,-5750,-4300,-3850,-2950,-5000,-2500,-3600,-3900,-4500,-6250
200,-4450,-5500,-6600,-4900,-4300,-5450,-2850,-1950,-4150,-850,-3700,-5600,-1350,-3850,-4150,-5750,-4350,-3850,-2950,-4850,-2500,-3000,-3950,-4300,-5450
201,-4450,-5500,-6550,-4900,-4300,-5450,-2900,-1950,-3900,-900,-3700,-5550,-1350,-3850,-4150,-3050,-4350,-3850,-2900,-4850,-1850,-3000,-3950,-4300,-5450
202,-4450,-5500,-6550,-4900,-4300,-5050,-2900,-1900,-3900,-900,-3450,-5550,-1400,-3850,-4150,-3050,-4400,-3900,-2900,-4800,-1850,-3050,-3950,-4300,-5450
203,-4450,-5500,-6450,-4950,-4300,-5050,-2700,-1900,-4500,-250,-3450,-5500,-1400,-3850,-4200,-3100,-4400,-3900,-2850,-4800,-2000,-3050,-3950,-4300,-5450
204,-4450,-5500,-6450,-4950,-3550,-5050,-2700,-3350,-4500,-250,-3750,-5500,-1450,-3900,-4200,-3100,-3750,-3900,-2850,-4750,-2000,-3100,-3950,-4250,-5450
205,-4450,-5400,-6400,-4950,-3550,-5100,-2750,-3350,-4300,-300,-3750,-5900,-1450,-3900,-4200,-3150,-3750,-3900,-2800,-4750,-2050,-3100,-3950,-4250,-5450
206,-4450,-5400,-6400,-5000,-4350,-5100,-2750,-3400,-4300,-300,-3400,-5900,-4100,-3900,-4200,-3150,-3800,-3900,-2800,-2850,-2050,-3150,-3950,-4250,-5650
207,-4450,-5400,-6350,-5000,-4350,-5100,-2800,-3400,-4250,-350,-3400,-5700,-4100,-3900,-3650,-3200,-3800,-3900,-2750,-2850,-2100,-3150,-3950,-4250,-5650
208,-4500,-5400,-6350,-5000,-4350,-5150,-2800,-3450,-4250,-350,-3800,-5700,-4150,-3900,-3650,-3200,-3850,-3950,-2750,-2850,-2100,-3200,-3950,-4000,-5700
209,-4500,-5400,-6000,-4650,-4350,-5150,-2650,-3450,-4450,-400,-3800,-5750,-4150,-3900,-3700,-3250,-3850,-3950,-2850,-2850,-2150,-3200,-3400,-4000,-5700
210,-4500,-5450,-6000,-4550,-3500,-5150,-2650,-3500,-4450,-400,-2500,-5750,-4200,-4300,-3700,-3250,-3900,-3950,-2850,-2900,-2150,-3250,-3400,-4000,-5750
211,-4500,-5450,-6000,-4550,-3500,-5200,-5650,-3500,-4350,-450,-2500,-5800,-4200,-4300,-3750,-3300,-3900,-3950,-2900,-2900,-5650,-3250,-3450,-4000,-5750
212,-4500,-5450,-6000,-4600,-3450,-5200,-5650,-3550,-4350,-450,-3600,-5800,-4250,-4250,-3750,-3300,-3950,-3950,-2900,-2950,-5650,-2850,-3450,-4000,-5800
213,-4500,-5450,-6300,-4350,-3450,-5200,-5650,-3550,-4400,-500,-3600,-5850,-4250,-4250,-3800,-3350,-3950,-3950,-2950,-2950,-5700,-2850,-3500,-4000,-5800
214,-4300,-5450,-6300,-4350,-3900,-5250,-5650,-2300,-4400,-500,-3550,-5850,-3750,-2650,-3800,-3350,-4000,-3300,-2950,-2550,-5700,-2900,-3500,-4050,-5850
215,-4300,-5050,-5950,-4400,-3900,-5250,-5650,-2300,-4300,-550,-3550,-4650,-3750,-2650,-3850,-3600,-4000,-3300,-2550,-2550,-5750,-2900,-3500,-4050,-5850
216,-4300,-5050,-5950,-4400,-3850,-5250,-5650,-2250,-4300,-550,-3650,-4550,-4100,-2350,-3850,-3600,-4050,-3300,-2550,-2550,-5750,-2950,-3500,-4050,-5900
217,-4300,-5050,-5950,-4450,-3850,-5300,-5650,-2250,-4250,0,-3650,-4600,-4100,-2350,-3900,-3550,-4050,-3300,-2600,-2550,-5800,-2950,-3550,-4050,-5900
218,-4300,-5050,-5950,-4450,-4200,-5300,-5600,-3000,-4250,0,-3800,-6200,-5400,-2400,-3900,-3550,-5500,-3300,-2600,-2600,-5800,-2550,-3550,-4050,-5250
219,-4300,-5050,-5900,-4500,-4200,-5300,-5600,-3000,-4200,-50,-3800,-6200,-5400,-2400,-3950,-3650,-5500,-3300,-2650,-2600,-6500,-2550,-3550,-4050,-5250
220,-4300,-5050,-5900,-4500,-4200,-5350,-5600,-3050,-4200,-50,-3800,-6000,-5400,-2450,-3950,-3650,-5500,-3350,-2650,-2600,-6500,-2600,-3550,-4100,-5250
221,-4300,-5050,-5900,-4500,-4200,-5350,-5600,-3050,-4250,-100,-3800,-6000,-5400,-2450,-3300,-3700,-5500,-3350,-2700,-2600,-6450,-2600,-3600,-4100,-5250
222,-4300,-5100,-5900,-4500,-3800,-5350,-5600,-3100,-4250,-100,-3800,-6050,-5400,-2500,-3300,-3700,-5450,-3350,-2700,-2650,-6450,-2600,-3600,-4100,-5300
223,-4300,-5100,-6150,-4300,-3800,-4700,-5550,-3100,-4300,-150,-3800,-6050,-5450,-2500,-3300,-2700,-5450,-3350,-2750,-2650,-5950,-2600,-3600,-4100,-5300
224,-4250,-5100,-6150,-4300,-3750,-4750,-5550,-3150,-4300,-150,-3850,-6100,-5450,-2550,-3300,-2700,-3400,-3400,-2750,-2700,-5950,-2650,-3600,-4150,-5300
225,-4250,-5100,-6100,-4250,-3750,-4750,-5550,-3150,-4250,-2650,-3850,-6100,-5450,-2550,-3350,-2750,-3400,-3400,-2800,-2700,-6400,-2650,-5650,-4150,-5300
226,-4250,-5100,-6100,-4250,-4250,-4750,-5550,-3200,-4250,-2650,-4000,-6150,-5450,-2600,-3350,-2750,-3450,-3400,-2800,-2750,-6400,-2700,-5650,-4150,-5350
227,-4250,-5150,-6050,-4000,-4250,-4800,-5550,-3200,-4200,-200,-4000,-6150,-5450,-2600,-3350,-2800,-3450,-3400,-2450,-2750,-6350,-2700,-5700,-4150,-5350
228,-4250,-5150,-6050,-4000,-4250,-4800,-5500,-3250,-4200,-200,-4200,-7000,-5050,-2350,-3350,-2800,-3500,-3450,-2450,-2800,-6350,-2750,-5700,-4200,-5350
229,-4250,-5150,-6050,-4000,-4250,-4800,-5500,-3250,-4300,-3600,-4200,-7000,-5050,-2350,-3400,-2850,-3500,-3450,-2500,-2800,-5900,-2750,-5750,-4200,-5350
230,-4250,-5150,-6050,-4000,-3700,-4850,-5500,-3300,-4300,-3600,-3750,-6650,-5050,-2400,-3400,-2850,-3550,-3450,-2500,-2800,-5900,-2800,-5750,-4200,-5400
231,-4250,-5150,-6500,-4050,-3700,-4850,-1550,-3300,-4200,-3650,-3750,-6650,-5100,-2400,-3400,-2900,-3550,-3450,-3750,-2800,-5850,-2800,-5800,-4200,-5400
232,-4000,-5200,-6500,-4050,-4050,-4850,-1550,-2700,-4200,-3650,-3750,-6700,-5100,-2450,-3400,-2900,-3600,-3450,-3750,-2450,-5850,-2450,-5800,-3800,-5400
233,-4000,-5200,-5650,-4100,-4050,-4900,-1850,-2700,-3850,-4250,-3750,-6700,-5100,-2450,-3450,-2950,-3600,-3450,-3800,-2450,-6300,-2450,-5950,-3800,-5400
234,-4000,-5200,-5650,-4100,-4050,-4900,-1850,-2350,-3850,-4250,-3750,-6750,-5150,-2250,-3450,-2950,-3650,-3500,-3800,-2500,-6300,-2500,-5950,-3850,-4700
235,-4000,-5200,-5650,-4150,-4050,-4900,-1800,-2350,-4000,-4200,-3750,-6750,-5150,-2250,-3450,-3000,-3650,-3500,-3850,-2500,-6000,-2500,-5900,-3850,-4700
236,-4000,-5200,-5650,-4150,-4000,-4950,-1800,-2750,-4000,-4200,-3750,-6800,-5150,-2200,-3450,-3000,-3700,-3500,-3850,-5650,-6000,-5650,-5900,-3900,-4700
237,-4000,-5200,-5650,-4200,-4000,-4950,-1750,-2750,-4050,-4150,-3750,-6800,-5200,-2200,-3500,-2350,-3700,-3500,-3950,-5650,-6750,-5650,-5850,-3900,-4700
238,-4050,-5200,-5650,-4200,-4000,-4950,-1750,-2800,-4050,-4150,-4350,-6850,-5200,-2150,-3500,-2350,-3200,-3500,-3950,-5700,-6750,-5700,-5850,-3900,-4700
239,-4050,-5250,-5650,-3650,-4000,-5000,-1700,-2800,-4150,-4650,-4350,-6850,-5200,-2150,-3500,-2400,-3200,-3500,-3900,-5700,-6700,-5700,-6000,-3900,-4700
240,-4050,-5250,-5650,-3650,-4100,-5000,-1700,-2850,-4150,-4650,-4250,-6900,-5250,-2150,-3500,-2400,-3250,-3550,-3900,-5750,-6700,-5750,-6000,-3900,-5200
241,-4050,-5250,-5650,-3700,-4100,-5000,-1650,-2850,-4100,-4550,-4250,-6900,-5250,-2150,-3500,-2450,-3250,-3550,-5650,-5750,-6650,-5750,-6050,-3900,-5200
242,-4050,-5250,-5650,-3700,-4100,-4650,-1650,-2900,-4100,-4550,-4300,-6950,-5250,-2100,-3500,-2450,-3300,-3550,-5650,-5800,-6650,-5800,-6050,-3900,-5200
243,-4050,-5250,-5600,-3750,-4100,-4550,-1600,-2900,-4550,-4600,-4300,-6950,-5250,-2100,-3550,-2500,-3300,-3550,-5700,-5800,-6600,-5800,-4950,-3900,-5200
244,-4100,-5250,-5600,-3750,-3950,-4600,-1600,-2950,-4550,-4600,-3600,-6300,-5250,-5400,-3550,-2500,-3350,-3550,-5700,-6500,-6600,-6500,-4950,-3950,-4550
245,-4100,-5250,-5600,-3800,-3950,-4350,-2050,-2950,-4600,-4700,-3600,-6300,-5300,-5400,-3550,-2550,-3350,-3550,-5750,-6500,-6550,-6500,-5050,-3950,-4550
246,-4100,-5300,-5600,-3800,-3950,-4400,-2050,-2450,-4600,-4700,-3950,-6350,-5300,-5400,-3550,-2550,-5450,-3600,-5750,-6450,-6550,-6450,-5050,-3950,-4750
247,-4100,-5300,-5600,-3850,-3950,-4450,-2000,-2450,-4200,-4750,-3950,-6350,-5300,-5450,-3550,-2600,-5450,-3600,-5750,-6450,-6150,-6450,-3000,-3950,-4750
248,-4100,-5300,-5600,-3850,-4150,-4500,-2000,-2500,-4200,-4750,-3950,-6400,-5300,-5450,-3550,-2600,-5550,-3600,-5750,-5950,-6150,-5950,-3000,-3950,-4750
249,-4100,-5300,-5600,-3900,-4150,-4300,-2100,-2500,-4200,-2750,-3950,-6400,-5300,-5450,-3600,-2650,-5550,-3600,-5800,-5950,-6900,-5950,-2900,-3950,-4750
250,-4100,-5300,-5600,-3900,-4150,-4250,-2100,-2550,-4200,-2750,-3900,-6450,-5350,-5050,-3600,-2650,-5100,-3600,-5800,-6400,-6900,-6400,-2900,-3950,-4750
251,-4100,-5300,-5550,-3950,-4150,-4250,-1950,-2550,-4150,-2800,-3900,-6450,-5350,-5100,-3600,-3800,-5100,-3600,-6500,-6400,-6200,-6400,-2850,-3950,-4750
252,-4150,-5300,-5550,-3950,-5850,-4000,-1950,-2600,-4150,-2800,-3900,-6500,-5350,-5150,-3600,-3800,-5450,-3600,-6500,-6350,-6200,-6350,-2850,-4750,-4800
253,-4150,-5300,-5550,-3950,-5850,-4000,-1900,-2600,-4250,-2850,-3900,-6500,-5350,-5200,-2950,-3850,-5450,-3600,-6450,-6350,-6250,-6350,-2950,-4750,-4800
254,-4150,-5300,-5550,-3950,-5850,-4050,-1900,-2650,-4250,-2850,-3750,-6550,-5350,-5250,-2950,-3850,-5400,-3000,-6450,-5900,-6250,-5900,-2950,-4950,-4800
255,-4150,-5350,-5550,-3300,-5850,-4050,-1850,-2650,-3950,-4450,-3750,-6550,-4700,-5300,-3000,-3900,-5400,-3000,-5950,-5900,-6850,-5900,-3350,-4950,-4800
256,-4150,-5350,-5550,-3300,-6250,-4100,-1850,-2400,-3950,-4450,-3800,-6600,-4700,-5350,-3000,-3900,-5350,-3000,-5950,-5850,-6850,-5850,-3350,-5000,-4800
257,-4150,-5350,-5500,-3300,-6250,-4100,-1800,-2400,-3950,-4500,-3800,-6600,-4700,-4700,-3000,-2250,-5350,-3000,-6400,-5850,-6050,-5850,-3300,-5000,-4800
258,-4200,-5350,-5500,-3300,-6200,-4150,-1800,-6950,-3950,-4500,-4150,-6000,-4750,-4750,-3000,-2250,-5300,-3050,-6400,-6300,-6050,-6300,-3300,-4900,-4800
259,-4200,-5350,-5500,-3300,-6200,-4150,-2400,-6950,-3950,-2050,-4150,-6000,-4750,-4800,-3050,-2300,-5300,-3050,-6350,-6300,-6800,-6300,-3250,-4900,-4800
260,-4200,-4700,-5500,-3300,-7650,-4200,-2400,-5800,-3950,-2050,-4150,-6050,-4750,-4850,-3050,-2300,-5250,-3050,-6350,-6000,-6800,-6000,-3250,-3650,-5500
261,-4200,-4700,-5400,-3350,-7650,-4200,-2400,-5800,-1950,-2000,-4150,-6050,-4800,-4900,-3050,-5850,-5250,-3050,-5900,-6000,-2250,-6000,-3200,-3650,-5500
262,-4200,-4700,-5400,-3350,-5800,-3650,-2400,-5850,-1950,-2000,-3650,-6100,-4800,-4950,-3050,-5950,-5200,-3100,-5900,-6750,-2250,-6750,-3200,-3550,-5150
263,-4200,-4700,-5400,-3350,-5800,-3650,-2350,-5850,-2550,-2100,-3650,-6100,-4800,-5000,-3100,-5950,-5200,-3100,-5850,-6750,-2300,-6750,-3150,-3550,-5150
264,-4200,-4700,-5450,-3350,-5800,-3700,-2350,-5900,-2550,-2100,-3650,-6150,-4850,-4650,-3100,-5900,-5150,-3100,-5850,-6700,-2300,-6700,-3150,-3600,-5150
265,-4200,-4750,-5450,-3350,-5800,-3700,-2350,-5900,-2200,-1550,-3650,-6150,-4850,-4550,-3100,-5900,-5150,-3100,-6300,-6700,-2350,-6700,-3050,-3600,-5150
266,-3650,-4750,-5450,-3350,-5800,-3750,-2350,-5950,-2200,-1550,-3650,-6200,-4850,-4550,-3100,-3800,-5700,-3150,-6300,-6650,-2350,-6650,-3050,-3700,-5400
267,-3650,-4750,-5050,-3400,-5800,-3750,-4550,-5950,-2150,-1600,-3650,-6200,-4900,-4550,-3150,-3800,-5700,-3150,-6000,-6650,-2400,-6650,-3100,-3700,-5400
268,-3650,-4750,-5050,-3400,-5800,-3800,-4550,-6000,-2150,-1600,-3700,-6250,-4900,-4600,-3150,-3800,-5650,-3150,-6000,-6600,-2400,-6600,-3100,-4200,-5400
269,-3650,-4750,-5050,-3400,-5800,-3800,-3950,-6000,-2100,-1650,-3700,-6250,-4900,-4600,-3150,-3800,-5650,-3150,-6750,-6600,-1900,-6600,-3700,-4200,-5400
270,-3650,-4800,-5100,-3400,-4400,-3850,-3950,-6050,-2100,-1650,-3700,-5950,-4950,-4600,-3150,-3750,-5600,-3200,-6750,-6550,-1900,-6550,-3700,-4150,-5450
271,-3650,-4800,-5100,-3450,-4400,-3850,-3950,-6050,-2050,-1700,-3700,-5950,-4950,-4350,-3200,-3750,-5600,-3200,-6700,-6550,-1950,-6550,-3650,-4150,-5450
272,-3700,-4800,-5100,-3450,-4350,-3900,-3950,-6100,-2050,-1700,-3700,-7200,-4950,-4400,-3200,-3750,-5550,-3200,-6700,-6150,-1950,-6150,-3650,-4100,-5450
273,-3700,-4800,-5150,-3450,-4350,-3900,-3800,-6100,-2000,-1750,-3700,-7200,-4950,-4450,-3200,-3750,-5550,-3200,-6650,-6150,-1650,-6150,-3600,-4100,-5450
274,-3700,-4800,-5150,-3450,-4300,-3950,-3800,-6850,-2000,-1750,-3700,-7350,-4950,-4500,-3200,-3750,-5500,-3250,-6650,-6900,-1650,-6900,-3600,-4050,-5050
275,-3700,-4850,-5150,-3450,-4300,-3950,-3800,-6850,-2450,-1800,-3700,-7350,-5000,-4500,-3250,-3750,-5500,-3250,-6600,-6900,-1700,-6900,-3550,-4050,-5050
276,-3700,-4850,-5200,-3450,-4250,-3300,-3800,-6900,-2450,-1800,-3850,-7300,-5000,-4500,-3250,-3650,-5850,-3250,-6600,-6200,-1700,-6200,-3550,-4000,-5050
277,-3700,-4850,-5200,-3500,-4250,-3300,-3800,-6900,-2400,-1800,-3850,-7300,-5000,-4500,-3250,-3650,-3650,-3250,-6550,-6200,-1750,-6200,-3500,-4000,-5050
278,-3750,-4900,-5200,-3500,-4200,-3300,-3800,-5600,-2400,-1800,-3850,-7250,-4650,-4500,-3250,-3700,-3650,-2800,-6550,-6250,-1750,-6250,-3500,-3800,-5100
279,-3750,-4900,-5250,-3500,-4200,-3300,-3800,-5600,-2350,-2200,-3850,-7250,-4650,-4300,-4600,-3700,-3650,-2800,-6150,-6250,-1800,-6250,-3450,-3800,-5100
280,-3750,-4900,-5250,-3500,-4150,-3350,-3800,-5600,-2350,-2200,-3850,-7050,-4650,-4300,-4600,-3850,-3650,-2850,-6150,-6850,-1800,-6850,-3450,-3850,-5100
281,-3750,-4900,-5250,-3500,-4150,-3350,-3750,-5600,-2300,-2250,-3850,-7050,-4550,-4250,-4950,-3850,-3700,-2850,-6900,-6850,-3300,-6850,-3400,-3850,-5100
282,-3750,-4900,-5300,-3500,-3700,-3350,-3750,-5650,-2300,-2250,-3900,-7100,-4550,-4250,-4950,-3850,-3700,-2900,-6900,-6050,-3300,-6050,-3400,-3750,-5150
283,-3750,-4950,-5300,-3500,-3700,-3350,-3750,-5650,-2250,-2300,-3900,-7100,-4550,-4000,-4900,-3850,-3700,-2900,-6200,-6050,-3550,-6050,-4350,-3750,-5150
284,-3800,-4950,-5300,-3500,-3650,-3400,-3750,-5650,-2250,-2300,-3900,-7150,-4600,-4000,-4900,-3900,-3700,-2950,-6200,-6800,-3550,-6800,-4350,-4400,-5150
285,-3800,-4950,-5350,-3550,-3650,-3400,-3750,-5650,-2500,-2150,-3900,-7150,-4600,-4050,-4850,-3900,-5400,-2950,-6250,-6800,-3500,-6800,-4300,-4400,-5150
286,-3800,-4950,-5350,-3550,-3600,-3400,-3750,-5700,-2500,-2150,-4000,-4550,-4600,-4050,-4850,-3900,-5450,-2450,-6250,-2100,-3500,-4450,-4300,-4350,-5200
287,-3800,-4950,-5350,-3550,-3600,-3400,-3750,-5700,-2050,-2850,-4000,-4550,-5150,-4100,-4800,-3900,-5050,-2450,-6850,-2100,-3450,-4450,-4300,-4350,-5200
288,-3800,-4950,-4700,-3550,-6000,-3450,-3750,-5700,-2050,-2850,-3950,-4500,-5150,-4100,-4800,-5400,-5100,-2500,-6850,-2050,-3450,-4400,-4300,-4300,-5200
289,-3800,-4950,-4700,-3600,-6000,-3450,-3750,-5700,-2000,-2800,-3950,-4500,-5200,-4150,-4750,-5450,-5150,-2500,-6050,-2050,-2300,-4400,-4250,-4300,-5200
290,-3850,-5000,-4700,-3600,-6050,-3450,-3750,-5750,-2000,-2800,-4250,-4450,-5200,-4150,-4750,-5050,-5200,-2550,-6050,-2200,-2300,-4350,-4250,-4250,-5200
291,-3850,-5000,-4750,-2950,-6050,-3450,-3650,-5750,-2100,-1450,-4250,-4450,-5000,-4200,-4700,-5100,-5250,-2550,-6800,-2200,-2300,-4350,-4250,-4250,-5200
292,-3850,-5000,-4750,-2950,-5900,-3450,-3650,-5750,-2100,-1450,-4150,-4850,-5000,-4200,-4700,-5150,-5300,-2600,-6800,-2150,-2300,-4300,-4250,-4000,-5250
293,-3850,-5000,-4750,-2950,-5900,-3450,-3650,-5750,-2200,-1500,-4150,-4850,-5050,-3650,-5300,-5200,-5350,-2600,-3050,-2150,-4850,-4300,-4200,-4000,-5250
294,-3850,-5000,-4800,-2950,-5800,-3500,-3650,-5450,-2200,-1500,-4200,-4800,-5050,-3650,-5300,-5250,-4700,-2650,-3050,-1950,-4850,-3800,-4200,-3750,-5250
295,-3850,-5000,-4800,-3000,-5800,-3500,-3700,-5450,-2250,-4250,-4200,-4800,-5100,-3700,-5250,-5300,-4750,-2650,-2350,-1950,-4700,-3800,-4200,-3750,-5250
296,-3900,-5000,-4800,-3000,-6600,-3500,-3700,-6500,-2250,-4250,-3950,-4750,-5100,-3700,-5250,-5350,-4800,-2700,-2350,-2000,-4700,-3750,-4200,-3950,-5250
297,-3900,-5000,-4850,-3000,-6600,-3500,-3700,-6500,-2300,-4250,-3950,-4750,-4650,-3750,-5200,-4700,-4850,-2700,-2400,-2000,-4800,-3750,-4150,-3950,-5250
298,-3900,-5000,-4850,-3000,-6550,-3500,-3700,-6550,-2300,-4250,-4500,-4700,-4650,-3750,-5200,-4750,-4900,-2750,-2400,-1550,-4800,-3700,-4150,-4100,-5300
299,-3900,-4650,-4850,-3050,-6550,-3500,-3700,-6550,-2150,-4200,-4500,-4700,-4700,-3800,-5150,-4800,-4950,-2750,-7000,-1550,-7000,-3700,-3650,-4100,-5300
300,-3900,-4650,-4900,-3050,-6650,-3550,-3700,-6600,-2150,-4200,-4550,-4650,-4700,-3800,-5150,-4850,-5000,-2100,-7000,-1600,-7000,-3250,-3650,-3650,-5300
301,-3900,-4650,-4900,-3050,-6650,-3550,-3850,-6600,-4100,-4000,-4550,-4650,-4750,-3850,-5100,-4900,-4650,-2100,-6950,-1600,-6950,-3250,-3400,-3650,-5300
302,-3950,-4650,-4900,-3050,-6650,-3550,-3850,-6650,-4100,-4000,-3900,-4600,-4750,-3850,-5100,-4950,-4550,-2150,-6950,-1650,-6950,-3550,-3400,-3650,-5350
303,-3950,-4650,-4950,-3100,-6650,-3550,-3850,-6650,-4050,-3950,-3900,-4600,-4800,-3900,-5050,-5000,-4550,-2150,-6100,-1650,-6100,-3550,-3450,-3650,-5350
304,-3950,-4550,-4950,-3100,-6850,-3550,-3850,-6700,-4050,-3950,-4400,-5150,-4800,-3900,-5050,-4650,-4600,-2200,-6100,-1700,-6100,-3300,-3450,-3950,-5350
305,-3950,-4550,-4950,-3100,-6850,-3550,-3850,-6700,-4000,-3900,-4400,-5150,-4850,-3950,-5000,-4550,-4600,-2200,-7150,-1700,-6100,-3300,-3500,-3950,-5350
306,-3950,-4550,-5000,-3100,-6800,-3600,-3850,-6750,-4000,-3900,-4800,-5100,-4850,-3950,-5000,-4600,-4350,-2250,-7150,-1750,-6100,-3350,-3500,-3900,-5350
307,-3950,-4550,-5000,-3100,-6800,-3600,-3900,-6750,-3800,-3750,-4800,-5100,-4950,-3300,-5400,-4350,-4350,-2250,-7100,-1750,-7150,-3350,-3550,-3900,-5350
308,-3300,-4550,-5000,-3100,-7050,-3600,-3900,-6800,-3800,-3750,-4150,-5050,-4950,-3300,-5400,-4350,-4400,-2300,-7100,-1800,-7150,-3500,-3550,-3300,-4700
309,-3300,-4550,-4650,-3150,-7050,-3600,-3900,-6800,-3800,-4100,-4150,-5050,-3750,-3300,-5350,-4400,-4400,-2300,-7050,-1800,-7100,-3500,-3600,-3300,-4700
310,-3300,-4550,-4650,-3150,-7500,-3600,-3900,-6200,-3800,-4100,-4150,-5000,-3750,-3300,-5350,-4400,-4450,-2350,-7050,-1850,-7100,-3400,-3600,-3300,-4700
311,-3300,-4550,-4650,-3150,-7500,-3600,-5400,-6200,-3750,-4100,-4150,-5000,-4000,-3350,-2800,-4400,-4450,-2350,-7300,-1850,-7050,-3400,-4100,-3300,-4700
312,-3350,-4600,-4550,-3150,-7000,-2950,-5400,-6150,-3750,-4100,-4100,-4950,-4000,-3350,-2800,-4400,-4500,-2400,-7300,-1500,-7050,-3450,-4100,-3350,-4700
313,-3350,-4600,-4550,-3200,-7000,-2950,-5400,-6150,-3650,-4100,-4100,-4950,-4050,-3350,-2850,-4450,-4500,-2400,-7250,-1500,-7300,-3450,-4100,-3350,-4700
314,-3350,-4600,-4550,-3200,-6750,-2950,-5450,-6250,-3650,-4100,-4100,-4900,-4050,-3350,-2850,-4450,-4300,-2000,-7250,-2250,-7300,-3600,-4100,-3350,-4750
315,-3350,-4600,-4550,-3200,-6750,-2950,-5450,-6250,-3700,-4050,-4100,-4900,-4100,-3400,-2500,-4500,-4300,-2000,-7200,-2250,-7250,-3600,-4400,-3350,-4750
316,-3350,-4600,-4600,-3200,-6750,-3000,-5450,-6300,-3700,-4050,-4450,-4450,-4100,-3400,-2500,-4500,-4250,-2050,-7200,-2300,-7250,-3650,-4400,-3400,-4750
317,-3350,-4600,-4600,-3250,-6750,-3000,-5050,-6300,-3850,-4050,-4450,-4450,-4150,-3400,-2500,-4300,-4250,-2050,-8050,-2300,-7200,-3650,-4350,-3400,-4750
318,-3400,-4350,-4600,-3250,-6950,-3000,-5050,-6350,-3850,-4050,-4050,-4500,-4150,-3400,-2500,-4300,-4000,-1650,-8050,-2350,-7200,-2200,-4350,-3400,-4800
319,-3400,-4350,-4600,-3250,-6950,-3000,-5050,-6350,-3850,-4050,-4050,-4500,-4400,-3450,-2900,-4250,-4000,-1650,-8200,-2350,-8050,-2200,-4300,-3400,-4800
320,-3400,-4350,-4600,-3250,-6700,-3050,-5100,-6400,-3850,-4050,-4050,-4650,-4400,-3450,-2900,-4250,-4050,-1700,-8200,-2400,-8050,-2150,-4300,-3450,-4800
321,-3400,-4350,-4600,-2850,-6700,-3050,-5100,-6400,-3900,-4000,-4050,-4650,-4350,-3450,-2550,-4000,-4050,-1700,-8100,-2400,-8200,-2150,-4250,-3450,-4800
322,-3400,-4350,-4350,-2850,-6700,-3050,-5100,-6450,-3900,-4000,-4250,-4600,-4350,-3450,-2550,-4000,-4100,-1750,-8100,-1900,-8200,-2100,-4250,-3450,-4850
323,-3400,-4350,-4350,-2850,-6700,-3050,-5100,-6450,-3900,-4200,-4250,-4600,-4550,-3500,-2550,-4050,-4100,-1750,-8150,-1900,-8100,-2100,-4200,-3450,-4850
324,-3450,-4400,-4350,-2850,-6900,-3100,-5100,-4800,-3900,-4200,-4300,-4550,-4550,-3500,-2550,-4050,-4150,-1800,-8150,-3100,-8100,-2400,-4200,-3500,-4850
325,-3450,-4400,-4350,-2900,-6900,-3100,-5150,-4800,-3900,-4200,-4300,-4550,-4300,-3500,-2600,-4100,-4150,-1800,-7500,-3100,-8150,-2400,-4150,-3500,-4850
326,-3450,-4400,-4350,-2900,-7250,-3100,-5150,-4650,-3900,-4200,-4200,-4850,-4300,-3500,-2600,-4100,-4200,-1850,-7500,-3150,-8150,-2350,-4150,-3500,-4850
327,-3450,-4400,-4350,-2900,-7250,-3100,-5150,-4650,-6550,-4250,-4200,-4850,-4600,-3550,-2600,-4150,-4200,-1850,-7450,-3150,-7500,-2350,-4500,-3500,-4850
328,-3450,-4400,-4400,-2900,-7150,-3150,-5150,-4700,-6550,-4250,-4350,-4800,-4600,-3550,-2600,-4150,-3650,-1900,-7450,-3050,-7500,-2300,-4500,-3550,-4900
329,-3450,-4400,-4400,-3100,-7150,-3150,-5150,-4700,-6500,-4300,-4350,-4800,-4250,-3550,-2650,-4200,-3650,-1900,-7400,-3050,-7450,-2300,-4450,-3550,-4900
330,-3500,-4450,-4400,-3100,-7300,-3150,-5150,-4750,-6500,-4300,-4750,-4750,-4250,-3550,-2650,-4200,-3650,-1950,-7400,-3150,-7450,-2250,-4450,-3550,-4900
331,-3500,-4450,-4400,-3300,-7300,-3150,-5150,-4750,-6450,-4350,-4750,-4750,-4200,-3550,-2700,-3650,-3650,-1950,-7350,-3150,-7400,-2250,-3700,-3550,-4900
332,-3500,-4450,-4400,-3300,-7350,-3200,-5200,-4550,-6450,-4350,-4600,-4700,-4200,-3550,-2700,-3650,-3650,-1500,-7350,-3100,-7400,-2550,-3700,-3600,-4900
333,-3500,-4450,-4400,-3150,-7350,-3200,-5200,-4550,-6400,-4150,-4600,-4700,-4900,-3550,-2750,-3700,-3650,-1500,-7950,-3100,-7350,-2550,-3700,-3600,-4900
334,-3500,-4450,-4450,-3150,-7100,-3200,-5200,-4600,-6400,-4150,-4650,-4650,-4900,-3550,-2750,-3700,-3650,-1550,-7950,-3050,-7350,-2500,-3700,-3600,-4900
335,-3500,-4450,-4450,-3250,-7100,-3200,-5200,-4600,-6350,-4150,-4650,-4650,-4450,-3600,-2150,-3750,-3650,-1550,-8000,-3050,-7950,-2500,-3700,-3600,-4900
336,-3500,-4450,-4450,-3250,-7400,-3250,-5200,-3500,-6350,-4150,-4700,-4600,-4450,-3600,-2150,-3750,-3700,-1600,-8000,-2900,-7950,-2450,-3700,-3050,-4950
337,-3500,-4450,-4450,-3200,-7400,-3250,-5200,-3450,-6300,-4150,-4700,-4600,-4500,-3600,-2200,-3800,-3700,-1600,-7700,-2900,-8000,-2450,-3750,-3050,-4950
338,-3550,-4450,-4450,-3200,-7450,-3250,-5200,-3400,-6300,-4150,-3800,-4550,-4500,-3600,-2200,-3800,-3700,-4250,-7700,-2950,-8000,-2350,-3750,-3100,-4950
339,-3550,-4450,-4450,-2750,-7450,-3250,-5250,-3350,-6650,-4400,-3800,-4550,-5750,-3600,-2250,-3850,-3700,-4250,-7850,-2950,-7700,-2350,-3750,-3100,-4950
340,-3550,-4500,-4500,-2750,-7600,-2850,-5250,-3350,-6650,-4400,-3900,-4500,-5750,-3600,-2250,-3850,-3750,-3600,-7850,-3000,-7700,-2300,-3750,-3150,-4950
341,-3550,-4500,-4500,-2800,-7600,-2850,-5250,-3300,-6600,-3800,-3900,-4500,-5750,-3600,-2300,-3900,-3750,-3600,-7650,-3000,-7850,-2300,-3750,-3150,-4950
342,-3550,-4500,-4500,-2800,-7550,-2850,-5300,-3300,-6600,-3800,-3850,-4900,-5750,-3600,-2300,-3900,-3750,-3500,-7650,-3300,-7850,-2400,-3750,-3700,-5000
343,-3550,-4500,-4500,-2850,-7550,-2850,-5300,-3250,-5400,-3800,-3850,-4900,-5700,-2950,-2300,-3950,-3750,-3500,-7650,-3300,-7650,-2400,-3150,-3700,-5000
344,-3600,-4500,-4300,-2850,-7200,-2900,-5300,-3250,-5400,-3800,-3100,-4900,-5700,-2950,-2300,-3950,-3800,-3650,-7650,-3250,-7650,-4700,-3150,-3700,-5000
345,-3600,-4500,-4300,-2900,-7200,-2900,-5350,-3200,-5400,-3750,-3100,-4900,-5800,-2950,-2350,-3300,-3800,-3650,-7900,-3250,-7900,-4700,-3200,-3700,-5000
346,-3600,-4500,-4300,-2900,-6450,-2900,-5350,-3200,-5400,-3750,-3400,-4850,-5800,-2950,-2350,-3300,-3800,-1950,-7900,-3250,-7900,-4650,-3200,-3750,-5000
347,-3600,-4500,-4300,-2950,-6450,-2900,-5350,-2900,-5400,-3750,-3400,-4850,-5800,-3000,-2350,-3300,-3800,-1950,-7600,-3250,-7600,-4650,-3250,-3750,-5000
348,-3600,-4300,-4250,-2950,-6400,-2650,-4700,-2900,-5400,-3750,-3350,-4800,-5800,-3000,-2350,-3300,-3850,-2250,-7600,-3200,-7600,-4550,-3250,-3200,-4650
349,-3600,-4300,-4250,-3000,-6400,-2650,-4750,-2850,-5400,-3650,-3350,-4800,-5850,-3000,-2400,-3350,-3850,-2250,-7600,-3200,-7550,-4550,-3300,-3200,-4650
350,-2950,-4300,-4250,-3000,-6350,-2600,-4800,-2850,-5400,-3650,-3300,-4750,-5850,-3000,-2400,-3350,-3900,-2450,-7600,-3200,-7550,-4600,-3300,-3250,-4650
351,-2950,-4300,-4250,-3050,-6350,-2600,-4850,-3750,-5400,-3650,-3300,-4750,-5850,-3000,-2400,-3350,-3900,-2450,-7550,-3200,-8250,-4600,-3550,-3250,-4650
352,-3000,-4300,-4000,-3050,-6000,-2450,-4850,-3700,-5400,-3650,-3250,-4700,-5850,-3000,-2400,-3350,-3950,-2400,-7550,-2750,-8250,-4900,-3550,-2750,-4650
353,-3000,-4300,-4000,-2550,-6000,-2450,-4850,-3650,-5400,-3700,-3250,-4700,-5900,-3050,-2450,-3400,-3950,-2400,-7550,-2750,-8350,-4900,-3600,-2750,-4650
354,-3050,-4250,-4000,-2550,-6300,-2700,-4900,-3600,-5450,-3700,-2050,-5150,-5900,-3050,-2450,-3400,-3300,-2350,-7550,-2800,-8350,-5300,-3600,-2800,-4650
355,-3050,-4250,-4000,-2600,-6300,-2700,-4900,-3550,-5450,-3700,-2050,-5150,-6000,-3050,-2450,-3400,-3300,-2350,-8250,-2800,-8300,-5300,-3650,-2800,-4650
356,-3100,-4250,-4050,-2600,-5950,-2700,-4900,-3050,-5450,-3700,-3600,-5200,-6000,-3050,-2450,-3400,-3300,-2300,-8250,-2850,-8300,-4450,-3650,-2850,-4550
357,-3100,-4250,-4050,-2650,-5950,-2700,-4950,-3050,-5450,-3850,-3600,-5200,-6150,-3050,-2050,-3450,-3300,-2300,-8350,-2850,-7750,-4450,-3350,-2850,-4550
358,-3100,-4250,-4050,-2650,-5950,-2750,-4950,-3000,-5450,-3850,-3650,-5000,-6150,-3050,-2050,-3450,-3300,-2000,-8350,-3350,-7750,-4850,-3350,-2900,-4550
359,-3100,-4250,-4050,-2700,-5950,-2750,-4950,-3000,-5450,-3850,-3650,-5000,-6100,-3100,-2100,-3450,-3300,-2000,-8300,-3350,-7800,-4850,-3400,-2900,-4550
360,-3150,-4000,-4050,-2700,-5900,-2750,-5000,-2950,-5450,-3850,-3500,-5000,-6100,-3100,-2100,-3450,-3350,-2050,-8300,-3400,-7800,-4800,-3400,-2950,-4550
361,-3150,-4000,-4050,-2650,-5900,-2750,-5000,-2950,-5450,-3900,-3500,-5000,-6050,-3100,-2800,-3500,-3350,-2050,-7750,-3400,-3600,-4800,-3450,-2950,-4600
362,-3150,-4000,-4100,-2650,-6150,-2800,-5000,-3400,-5450,-3900,-3450,-5050,-6050,-3100,-2800,-3500,-3350,-2100,-7750,-3700,-3600,-4750,-3450,-3000,-4600
363,-3150,-4000,-4100,-2650,-6150,-2800,-4650,-3400,-5900,-3900,-3450,-5050,-6350,-3100,-2850,-3500,-3350,-2100,-7800,-3700,-2150,-4750,-3500,-3000,-4600
364,-3150,-4000,-4100,-2650,-6100,-2800,-4550,-3350,-5900,-3900,-2250,-5050,-6350,-3100,-2850,-3500,-3350,-2150,-7800,-3750,-2150,-4500,-3500,-2350,-4600
365,-3150,-4000,-4100,-2650,-6100,-2800,-4550,-3350,-5900,-4000,-2250,-5050,-6300,-3150,-2900,-3550,-3350,-2150,-4000,-3750,-2250,-4500,-4100,-2350,-4600
366,-3200,-4050,-4100,-2650,-6050,-2550,-4550,-3300,-5900,-4000,-2400,-5100,-6300,-3150,-2900,-3550,-3400,-2200,-4000,-3800,-2250,-4950,-4100,-2600,-4600
367,-3200,-4050,-4100,-2600,-6050,-2550,-4600,-3300,-5950,-3950,-2400,-5100,-5950,-3150,-2950,-3550,-3400,-2200,-3700,-3800,-2200,-4950,-3100,-2600,-4600
368,-3200,-4050,-4150,-2600,-6500,-2500,-4350,-3250,-5950,-3950,-2350,-4950,-5950,-3150,-2950,-3550,-3400,-2500,-3700,-3850,-2200,-5000,-3100,-2650,-4350
369,-3200,-4050,-4150,-2450,-6500,-2500,-4350,-3250,-5950,-5350,-2350,-4950,-6250,-3150,-2450,-3600,-3400,-2500,-3350,-3850,-2550,-5000,-2100,-2650,-4350
370,-3250,-4050,-4150,-2450,-6800,-1900,-4400,-3200,-5950,-5350,-2300,-4950,-6250,-3150,-2450,-3600,-3400,-3350,-3350,-3900,-2550,-5200,-2100,-2700,-4350
371,-3250,-4050,-4150,-3250,-6800,-1900,-4400,-3200,-5050,-5400,-2300,-4950,-5900,-3200,-2500,-3600,-3400,-3350,-3300,-3900,-2550,-5200,-2400,-2700,-4350
372,-3250,-4100,-4150,-3250,-5850,-1950,-4450,-3150,-5050,-5400,-5400,-2550,-5900,-3200,-2500,-3600,-3450,-3400,-3300,-9400,-2550,-5050,-2400,-2400,-4350
373,-3250,-4100,-4150,-3200,-5850,-1950,-4450,-3150,-5050,-5300,-5400,-2550,-5850,-3200,-2550,-3000,-3450,-3400,-3300,-9400,-2500,-5050,-2350,-2400,-4400
374,-2850,-4100,-4200,-3200,-5200,-1850,-4500,-3100,-5050,-5300,-5450,-2500,-5850,-3200,-2550,-3000,-3450,-3550,-3300,-9350,-2500,-5150,-2350,-2450,-4400
375,-2850,-4100,-4200,-3150,-5200,-1850,-4500,-3100,-5050,-5250,-5450,-2500,-6200,-3200,-2600,-3000,-3450,-3550,-3300,-9350,-2500,-5150,-2150,-2450,-4400
376,-2850,-4100,-4200,-3150,-5150,-2000,-4300,-3550,-5050,-5250,-5050,-2450,-6200,-3200,-2600,-3000,-3450,-3450,-3300,-7000,-2500,-5100,-2150,-2500,-4400
377,-2850,-4100,-4200,-3100,-5150,-2000,-4300,-3550,-5050,-5200,-5100,-2450,-6700,-3250,-2650,-3050,-3450,-3450,-3350,-7000,-2450,-5100,-2100,-2500,-4400
378,-2900,-4150,-3650,-3100,-5100,-2050,-4250,-3500,-5050,-5200,-5150,-2400,-6700,-3250,-2650,-3050,-3450,-2850,-3350,-6950,-2450,-5250,-2100,-2550,-4450
379,-2900,-4150,-3650,-2700,-5100,-2050,-4250,-3500,-5050,-5150,-5200,-2400,-6650,-3250,-2700,-3050,-3450,-2850,-3400,-6950,-2450,-5250,-2100,-2550,-4450
380,-3450,-4150,-3700,-2700,-5750,-2100,-4000,-3450,-5100,-5150,-5250,-2850,-6650,-3250,-2700,-3050,-3500,-2900,-3400,-6100,-2450,-5400,-2100,-3900,-4450
381,-3450,-4150,-3700,-2700,-5750,-2100,-4000,-3450,-5100,-5150,-5250,-2850,-6600,-3250,-2700,-3100,-3500,-2900,-3150,-6100,-2400,-5400,-3650,-3900,-4450
382,-3400,-4150,-3700,-2700,-5650,-1500,-4050,-3650,-5100,-5150,-5300,-2800,-6600,-3250,-2700,-3100,-3500,-2950,-3150,-7150,-2400,-4350,-3650,-3850,-4450
383,-3400,-4150,-3700,-2700,-5650,-1500,-4050,-3650,-5100,-5100,-5300,-2800,-6550,-2850,-2750,-3100,-3500,-2950,-3150,-7150,-2400,-4350,-3600,-3850,-4500
384,-2800,-4200,-3750,-2700,-5600,-1550,-4100,-3650,-5100,-5100,-5350,-2750,-6550,-2850,-2750,-3100,-3500,-2550,-3150,-7100,-2400,-4400,-3600,-4050,-4500
385,-2800,-4200,-3750,-2750,-5600,-1550,-4100,-3650,-5100,-5400,-5350,-2750,-6500,-2850,-1600,-3150,-3500,-2550,-3150,-7100,-2350,-4400,-3550,-4050,-4500
386,-2800,-4200,-3750,-2750,-5550,-1600,-4150,-3600,-5100,-5400,-5350,-2700,-6500,-2850,-1600,-3150,-3500,-2600,-3150,-7050,-2350,-3800,-3550,-3800,-4500
387,-2800,-4200,-3750,-2750,-5500,-1600,-4150,-3600,-5100,-5400,-5350,-2700,-6450,-2900,-2100,-3150,-3500,-2600,-3200,-7050,-2350,-3800,-3350,-3800,-4500
388,-3000,-4200,-3800,-2750,-2400,-2300,-4200,-3600,-5100,-5400,-4700,-2650,-6450,-2900,-2100,-3150,-3500,-2650,-3200,-7300,-2350,-3850,-3350,-6100,-4300
389,-3000,-4200,-3800,-2800,-2400,-2300,-4200,-3600,-5100,-5450,-4750,-2650,-6400,-2900,-2150,-3200,-3500,-2650,-3200,-7300,-2900,-3850,-3300,-6100,-4300
390,-3000,-3650,-3800,-2800,-2350,-1650,-3650,-650,-5100,-5450,-4800,-2600,-6400,-2900,-2150,-3200,-3500,-2700,-3200,-7250,-2900,-2400,-3300,-5950,-4300
391,-3000,-3650,-3800,-2800,-2350,-1650,-3650,-650,-5150,-5450,-4850,-2600,-7000,-6100,-2200,-3200,-3500,-2700,-3200,-7250,-2850,-2400,-3250,-5950,-4250
392,-2550,-3700,-3850,-2800,-3650,-1700,-3650,-700,-5150,-5450,-4900,-3150,-7000,-6100,-2200,-3200,-3550,-2750,-3200,-7200,-2850,-2350,-3250,-6000,-4250
393,-2550,-3700,-3850,-2350,-3650,-1700,-3650,-700,-5150,-5450,-4950,-3150,-6950,-5700,-2250,-3250,-3550,-2750,-3200,-7200,-2800,-2350,-3200,-6000,-4250
394,-2750,-3750,-3850,-2350,-5400,-1750,-3700,-750,-5150,-5450,-5000,-3100,-6950,-5700,-2250,-3250,-3550,-2800,-3200,-8050,-2800,-2150,-3200,-6050,-4000
395,-2750,-3750,-3850,-2400,-5450,-1750,-3700,-750,-5150,-5050,-5650,-3100,-6900,-5500,-2300,-3250,-3550,-2800,-3250,-8050,-2750,-2150,-3150,-6050,-4000
396,-2700,-3800,-3850,-2400,-5050,-1250,-3700,-800,-5150,-5100,-5650,-3050,-6900,-5500,-2300,-3250,-3550,-4050,-3250,-8200,-2750,-2100,-3150,-5850,-4050
397,-2700,-3800,-3850,-2450,-5100,-1250,-3700,-800,-5150,-5150,-5600,-3050,-6850,-4400,-2350,-2800,-3550,-4050,-3250,-8200,-2700,-2100,-3100,-5850,-4050
398,-2650,-3850,-3900,-2450,-5150,-1300,-3700,-850,-5150,-5200,-5600,-3000,-6850,-4400,-2350,-2800,-3550,-3750,-3250,-8100,-2700,-9700,-3100,-5900,-4100
399,-2650,-3850,-3900,-2500,-5200,-1300,-3700,-850,-5150,-5250,-5550,-3000,-6800,-5250,-2400,-2850,-3550,-3750,-3100,-8100,-2700,-9700,-3050,-5900,-4100
400,-2600,-3850,-3900,-2500,-5250,-1350,-3750,-4000,-5200,-5250,-5550,-4400,-6800,-5250,-2400,-2850,-3550,-3200,-3100,-8150,-2700,-9750,-3050,-5800,-4150
401,-2600,-3850,-3900,-2550,-5300,-1350,-3750,-4000,-5200,-5250,-5500,-4400,-6750,-4450,-2400,-2900,-3550,-3200,-3100,-8150,-2650,-9750,-2450,-5800,-4150
402,-2500,-3850,-3900,-2550,-5350,-1400,-3750,-4000,-5200,-5250,-5500,-2950,-6750,-4450,-2400,-2900,-3550,-3150,-3100,-7500,-2650,-9350,-2450,-6150,-4200
403,-2500,-3850,-3900,-2600,-4700,-1400,-3750,-4000,-5200,-5300,-5900,-2950,-7300,-4500,-3800,-2950,-3550,-3150,-3400,-7500,-2650,-9350,-2400,-6150,-4200
404,-2900,-3900,-3950,-2600,-4750,-1450,-3750,-4000,-5200,-5300,-5900,-2900,-7300,-4500,-3800,-2950,-3600,-3100,-3400,-7450,-2650,-9300,-2400,-6200,-4200
405,-2900,-3900,-3950,-2150,-4800,-1450,-3750,-3950,-5200,-5300,-5700,-2900,-7250,-4550,-1450,-2450,-3600,-3100,-3350,-7450,-2600,-9300,-3450,-6200,-3900
406,-2900,-3900,-3950,-2150,-4850,-2150,-3800,-3950,-5200,-5300,-5700,-3500,-7250,-4550,-1450,-2450,-3600,-3550,-3350,-7400,-2600,-9500,-3450,-4550,-3900
407,-2900,-3900,-3950,-2200,-4900,-2150,-3800,-3950,-5200,-5300,-5750,-3500,-7200,-4600,-2000,-2500,-3600,-3550,-2850,-7400,-2600,-9500,-3400,-4550,-3950
408,-2850,-3900,-3950,-2200,-4950,-2200,-3800,-3950,-5200,-5300,-5750,-3450,-7200,-4600,-2000,-2500,-3600,-3500,-2850,-7350,-2600,-9450,-3400,-2400,-3950
409,-2850,-3900,-3950,-2250,-5000,-2200,-3800,-3950,-5250,-5350,-5800,-3450,-7150,-4700,-2050,-2550,-3600,-3500,-2900,-7350,-3250,-9450,-2200,-2400,-5100
410,-2850,-3950,-3300,-2250,-4650,-1800,-3800,-3900,-5250,-5350,-5800,-3400,-7150,-4700,-2050,-2550,-3600,-3450,-2900,-7950,-3250,-2200,-2200,-2400,-5100
411,-2850,-3950,-3300,-2300,-4550,-1800,-3800,-3900,-5250,-5350,-5850,-3400,-7100,-4050,-1650,-2600,-3600,-3450,-3600,-7950,-3200,-2200,-2250,-2400,-5100
412,-2950,-3950,-3350,-2300,-4600,-2250,-3850,-3900,-5250,-5350,-5850,-3350,-7100,-4050,-1650,-2600,-3600,-3400,-3600,-8000,-3200,-2250,-2250,-2350,-5100
413,-2950,-3950,-3350,-600,-4350,-2250,-3850,-3900,-5250,-5350,-4650,-3350,-7050,-4100,-1700,-2650,-3600,-3400,-3550,-8000,-2100,-2250,-2300,-2350,-5050
414,-2950,-3950,-3400,-600,-4350,-3150,-3850,-3900,-5250,-5350,-4550,-3300,-7050,-4100,-1700,-2650,-3000,-3350,-3550,-7700,-2100,-2050,-2300,-2100,-5050
415,-2950,-3950,-3400,-850,-4400,-3150,-3850,-3850,-5250,-4700,-4550,-3300,-7400,-4150,-1750,-2700,-3000,-3350,-3500,-7700,-3100,-2050,-2750,-2100,-5050
416,-5700,-3300,-3450,-850,-4400,-3300,-3850,-3850,-5250,-4750,-4550,-3250,-7400,-4150,-1750,-2700,-3000,-3300,-3500,-7850,-3100,-2300,-2750,-2050,-5050
417,-5700,-3300,-3450,-650,-4400,-3300,-3850,-3850,-5250,-4800,-4550,-3250,-7350,-4200,-1800,-2750,-3000,-3300,-3450,-7850,-3050,-2300,-2600,-2050,-5000
418,-5750,-3350,-3500,-650,-4400,-3350,-3900,-3850,-5250,-4850,-4600,-3200,-7350,-4200,-1800,-2750,-3050,-3250,-3450,-7650,-3050,-2150,-2600,-150,-5000
419,-5750,-3350,-3500,-800,-4400,-3350,-3900,-3850,-5250,-4900,-4600,-3200,-3400,-4250,-1850,-2100,-3050,-3250,-3100,-7650,-3150,-2150,-2650,-150,-5000
420,-3050,-3400,-3550,-800,-4450,-3200,-3950,-3800,-5300,-4950,-3650,-3700,-3400,-4250,-1850,-2100,-3050,-4100,-3100,-7900,-3150,-2100,-2650,-100,-5000
421,-3050,-3400,-3550,-700,-4450,-3200,-3950,-3800,-5300,-5000,-3650,-3700,-3450,-4300,-1900,-2100,-3050,-4100,-3050,-7900,-3000,-2100,-2700,-100,-4950
422,-3050,-3450,-3600,-700,-4450,-3250,-3300,-3800,-5300,-5650,-4100,-3750,-3450,-4300,-1900,-2100,-3100,-4000,-3050,-7600,-3000,-2050,-2700,-1850,-4950
423,-3050,-3450,-3600,-750,-4450,-3250,-3300,-3800,-5300,-5650,-4100,-3750,-3500,-4350,-1950,-2150,-3100,-4000,-2750,-7600,-2950,-2050,-3000,-1850,-4950
424,-3100,-3500,-2950,-750,-4450,-3400,-3300,-3800,-5300,-5600,-4050,-3800,-3500,-4350,-1950,-2150,-3100,-4450,-2750,-7550,-2950,-2300,-3000,-1700,-4950
425,-3100,-3500,-2950,-550,-4500,-3400,-3300,-3750,-5300,-5600,-4050,-3800,-3550,-3750,-1500,-2200,-3100,-4450,-3000,-7550,-10600,-2300,-2950,-1700,-4850
426,-3100,-3550,-2950,-550,-4500,-4300,-3300,-3750,-5300,-5600,-4450,-3650,-3550,-3750,-1500,-2200,-3150,-4500,-3000,-8250,-10600,-2250,-2950,-1900,-4850
427,-3100,-3550,-2950,-1250,-4500,-4300,-3300,-3750,-5300,-5600,-4450,-3650,-3600,-3800,-1550,-2250,-3150,-4500,-2800,-8250,-8850,-2250,-2900,-1900,-4850
428,-3150,-3600,-2950,-1250,-4300,-4250,-3350,-3750,-5300,-5550,-4550,-3600,-3600,-3800,-1550,-2250,-3150,-3700,-2800,-8350,-8850,-2200,-2900,-2200,-4850
429,-3150,-3600,-2950,-1300,-4300,-4250,-3350,-3700,-5350,-5550,-4550,-3600,-3650,-3850,-1600,-2300,-3150,-3700,-2950,-8350,-8800,-2200,-2850,-2200,-4850
430,-3300,-2950,-3000,-1300,-4250,-4250,-3350,-3700,-5350,-5500,-4600,-3550,-3650,-3850,-1600,-2300,-3200,-3750,-2950,-8300,-8800,-2600,-2850,-2200,-4850
431,-3300,-2950,-3000,-950,-4250,-4250,-3350,-3700,-5350,-5500,-4600,-3550,-3700,-3900,-1950,-2350,-3200,-3750,-3050,-8300,-8500,-2600,-2800,-2200,-4850
432,-3250,-3000,-3000,-950,-4000,-4200,-3350,-3700,-5350,-5700,-3650,-4350,-3700,-3900,-1950,-2350,-3200,-3800,-3050,-7750,-8500,-7000,-2800,-1950,-4850
433,-3250,-3000,-3000,-1350,-4000,-4200,-3350,-4350,-5350,-5700,-3650,-4350,-3050,-3950,-1900,-2400,-3200,-3800,-3000,-7750,-8450,-7000,-2500,-1950,-4900
434,-3200,-3050,-3000,-1350,-4000,-4200,-3400,-4350,-5350,-5650,-3700,-4350,-3050,-3950,-1900,-2400,-3250,-3650,-3000,-7800,-8450,-6950,-2500,-2150,-4900
435,-3200,-3050,-3000,-1450,-4000,-4200,-3400,-4350,-5350,-5650,-3700,-4350,-3100,-4000,-1850,-1450,-3250,-3650,-2700,-7800,-8650,-6950,-2050,-2150,-4900
436,-4250,-3100,-3000,-1450,-4050,-3850,-3400,-4350,-5350,-5750,-3750,-4400,-3100,-4000,-1850,-1450,-3250,-3600,-2700,-4050,-8650,-6100,-2050,-2000,-4900
437,-4250,-3100,-3000,-1400,-4050,-3850,-3400,-4350,-5350,-5750,-3750,-4400,-3150,-5200,-1800,-2000,-3250,-3600,-2650,-4050,-8700,-6100,-2000,-2000,-4900
438,-5600,-3150,-3050,-1400,-4050,-3850,-3400,-4300,-4700,-3300,-3800,-4450,-3150,-5200,-1800,-2000,-3250,-3800,-2650,-3650,-8700,-7150,-2000,-1550,-4900
439,-5600,-3150,-3050,-900,-4050,-3850,-3400,-4300,-4750,-3300,-3800,-4450,-3200,-3450,-1750,-2050,-3250,-3800,-2600,-3650,-8600,-7150,-3850,-1550,-4900
440,-5800,-3150,-3050,-900,-4100,-3900,-3450,-4300,-4800,-3350,-3850,-4500,-3200,-3450,-1750,-2050,-2800,-3850,-2600,-3900,-8600,-7100,-3850,-1600,-4900
441,-5800,-3150,-3050,-1550,-4100,-3900,-3450,-4300,-4850,-3350,-3850,-4300,-3250,-3500,-1700,-2050,-2800,-3850,-2450,-3900,-8550,-7100,-3850,-1600,-5950
442,-5650,-3200,-3050,-1550,-4100,-3900,-3450,-4300,-4850,-3150,-5400,-4300,-3250,-3500,-1700,-2050,-2850,-3950,-2450,-3950,-8550,-7050,-3850,-2300,-5950
443,-5650,-3200,-3050,-1500,-4100,-3900,-3450,-4250,-4850,-3150,-5400,-4250,-3300,-3550,-1650,-1650,-2850,-3950,-2400,-3950,-8750,-7050,-3850,-2300,-6000
444,-2400,-3250,-3100,-1500,-4150,-3950,-3450,-4250,-4850,-3200,-3300,-4250,-3300,-3550,-1650,-1650,-2900,-4200,-2400,-4000,-8750,-7300,-3850,-2300,-6000
445,-2400,-3250,-3100,-1150,-4150,-3950,-3450,-4250,-4850,-3200,-3300,-4000,-3350,-5150,-4200,-1700,-2900,-4200,-2550,-4000,-10300,-7300,-3800,-2300,-6050
446,-2450,-2850,-3100,-1150,-4200,-3950,-3500,-4250,-4900,-3250,-3350,-4000,-3350,-5150,-4200,-1700,-2950,-4250,-2550,-4050,-10300,-7250,-3800,-2250,-6050
447,-2450,-2850,-3100,-1100,-4200,-3950,-3500,-4250,-4900,-3250,-3350,-4050,-2700,-3600,-3500,-1750,-2950,-4250,-2500,-4050,-10350,-7250,-3800,-2250,-5650
448,-2350,-2850,-3100,-1100,-3650,-3950,-3500,-4200,-4900,-5900,-3400,-4050,-2700,-3600,-3500,-1750,-2450,-4300,-2500,-4000,-10350,-7200,-3800,-2250,-5650
449,-2350,-2850,-3100,-1200,-3650,-3950,-3500,-4200,-4900,-5900,-3400,-4100,-2750,-3650,-3550,-1800,-2450,-4300,-3100,-4000,-10400,-7200,-4150,-2250,-5550
450,-2400,-2850,-3150,-1200,-3700,-4000,-3500,-4200,-4900,-5700,-3450,-4100,-2750,-3650,-3550,-1800,-2500,-4350,-3100,-3850,-10400,-8050,-4150,-1650,-5550
451,-2400,-2850,-3150,-1050,-3700,-4000,-3500,-4200,-4950,-5700,-3450,-4150,-2800,-3700,-3550,-1850,-2500,-4350,-3050,-3850,-10450,-8050,-4100,-1650,-6100
452,-2500,-2900,-3150,-1050,-3750,-3700,-3550,-4200,-4950,-5750,-3500,-4150,-2800,-3700,-3550,-1850,-2550,-4400,-3050,-3850,-10450,-8200,-4100,-1800,-6100
453,-2500,-2900,-3150,-1000,-3750,-3700,-3550,-4150,-4950,-5750,-3500,-4200,-2850,-3150,-3650,-1900,-2550,-4400,-2350,-3850,-10500,-8200,-4200,-1800,-5600
454,-2350,-4900,-3200,-1000,-3750,-3650,-3550,-4150,-4950,-5800,-3550,-4200,-2850,-3150,-3650,-1900,-2600,-4650,-2350,-4100,-10500,-8100,-4200,-1750,-5600
455,-2350,-4900,-3200,-2050,-3750,-3650,-3550,-4150,-4950,-5800,-3550,-3650,-2900,-5100,-3600,-1950,-2600,-4650,-3000,-4100,-10550,-8100,-4250,-1750,-5750
456,-1650,-2400,-3250,-2050,-3800,-1950,-3550,-4150,-5000,-5850,-3600,-3650,-2900,-5100,-3600,-1950,-2650,-4600,-3000,-3950,-10550,-8150,-4250,-450,-5750
457,-1650,-2400,-3250,-1800,-3800,-1950,-3550,-4150,-5000,-5850,-3600,-3700,-2950,-3200,-4450,-1500,-2650,-4600,-2950,-3950,-9950,-8150,-3900,-450,-5700
458,-1600,-2400,-2850,-1800,-3800,-1850,-3600,-4100,-5000,-4650,-2950,-3700,-2950,-3200,-4450,-1500,-2700,-4600,-2950,-3900,-9950,-7500,-3900,-400,-5700
459,-1600,-2400,-2850,-1750,-3800,-1850,-3600,-4100,-5000,-4550,-2950,-3750,-3000,-3250,-4400,-1550,-2700,-4600,-2900,-3900,-10000,-7500,-3900,-400,-5800
460,-1450,-2350,-2850,-1750,-3850,-1900,-3600,-4100,-5000,-4550,-3000,-3750,-3000,-3250,-4400,-1550,-2750,-4550,-2900,-4100,-10000,-7450,-3900,-350,-5800
461,-1450,-2350,-2850,-2100,-3850,-1900,-3600,-4100,-5000,-4600,-3000,-3800,-2350,-3300,-4350,-1600,-2750,-4550,-2850,-4100,-10150,-7450,-3900,-350,-5850
462,-1550,-2300,-2850,-2100,-3850,-2200,-3600,-4100,-5000,-4600,-3050,-3800,-2350,-3300,-4350,-1600,-2100,-4150,-2850,-2950,-10150,-7400,-3900,-300,-5850
463,-1550,-2300,-2850,-1700,-3850,-2200,-3600,-4050,-5100,-7200,-3050,-3850,-2400,-3350,-4300,-3650,-2100,-4150,-2800,-2950,-10100,-7400,-4300,-300,-5900
464,-1500,-2250,-2850,-1700,-3900,-2200,-2950,-4050,-5100,-7200,-3100,-3850,-2400,-3350,-4300,-3650,-2150,-3900,-2800,-3000,-10100,-7350,-4300,-250,-5900
465,-1500,-2250,-2850,-1650,-3900,-2200,-2950,-4050,-5650,-7150,-3100,-3850,-2450,-3400,-4050,-3650,-2150,-3900,-2750,-3000,-10050,-7350,-4350,-250,-5250
466,-1900,-2150,-2850,-1650,-3900,-2150,-2950,-4050,-5650,-7150,-3150,-3850,-2450,-3400,-4050,-3650,-2200,-3200,-2750,-3050,-10050,-7350,-4350,-200,-5250
467,-1900,-2150,-2850,-1600,-3900,-2150,-2950,-4050,-5650,-7500,-3150,-3900,-2500,-4750,-4050,-3700,-2200,-3200,-4050,-3050,-10200,-7350,-4700,-200,-5200
468,-1900,-2050,-2900,-1600,-3950,-2150,-2950,-2200,-5650,-7500,-3200,-3900,-2500,-4750,-4050,-3700,-2250,-3450,-4050,-3300,-10200,-7950,-4700,-750,-5200
469,-1900,-2050,-2900,-1900,-3950,-2150,-2950,-2200,-5600,-7100,-3200,-3900,-2550,-4800,-4200,-3700,-2250,-3450,-4100,-3300,-10250,-7950,-4750,-750,-5150
470,-1900,-2000,-2900,-1900,-3950,-2300,-3000,-3900,-5600,-7100,-3250,-3900,-2550,-4800,-4200,-3700,-2300,-3400,-4100,-3250,-10250,-8000,-4750,-700,-5150
471,-1900,-2000,-2900,-1950,-3950,-2300,-3000,-3900,-5600,-7450,-3250,-3950,-2600,-4850,-4250,-3600,-2300,-3400,-3500,-3250,-9300,-8000,-4800,-700,-4050
472,-1850,-1950,-2900,-1950,-3300,-2350,-3000,-3900,-5600,-7450,-2600,-3950,-2600,-4850,-4250,-3600,-2350,-3350,-3500,-3200,-9300,-7700,-4800,-650,-4050
473,-1850,-1950,-2900,-2000,-3300,-2350,-3000,-3900,-5550,-7350,-2600,-3950,-2650,-4900,-4100,-3600,-2350,-3350,-3500,-3200,-9800,-7700,-4400,-650,-5500
474,-1800,-2100,-6350,-2000,-3300,-2600,-3000,-3850,-5550,-7350,-2650,-3950,-2650,-4900,-4100,-3600,-2400,-3300,-3500,-3150,-9800,-7850,-4400,-600,-5500
475,-1800,-2100,-6350,-1850,-3300,-2600,-3000,-3850,-5550,-7400,-2650,-3300,-2000,-4950,-4100,-3400,-2400,-3300,-3550,-3150,-9550,-7850,-4650,-600,-5550
476,-1750,-2200,-5350,-1850,-3300,-2550,-3050,-3900,-5550,-7400,-2700,-3300,-2000,-4950,-4100,-3400,-1450,-3250,-3550,-3100,-9550,-7650,-4650,-550,-5550
477,-1750,-2200,-5350,-3000,-3300,-2550,-3050,-3900,-5500,-7300,-2700,-3300,-2050,-5000,-4150,-3350,-1450,-3250,-3550,-3100,-9850,-7650,-4000,-550,-5400
478,-1700,-2900,-6100,-3000,-3350,-2500,-3050,-3950,-5500,-7300,-2750,-3300,-2050,-5000,-4150,-3350,-2000,-3250,-3550,-8850,-9850,-7900,-4000,-500,-5400
479,-1700,-2900,-6100,-2550,-3350,-2500,-3050,-3950,-5500,-7250,-2750,-3350,-2100,-5050,-4150,-3300,-2000,-3250,-3650,-8850,-9450,-7900,-4000,-500,-5350
480,-2300,-2950,-6150,-2550,-3350,-2450,-3050,-4000,-5500,-7250,-2800,-3350,-2100,-5050,-4150,-3300,-2050,-3000,-3650,-8800,-9450,-7600,-4000,-1400,-5350
481,-2300,-2950,-6150,-2500,-3350,-2450,-3050,-4000,-5500,-7600,-2800,-3350,-2150,-5250,-4000,-3250,-2050,-3000,-3650,-8800,-9500,-7600,-3950,-1400,-5300
482,-2250,-3000,-6200,-2500,-3350,-2400,-3100,-4000,-5500,-7600,-2850,-3350,-2150,-5250,-4000,-3250,-1650,-3150,-3650,-8500,-9500,-7550,-3950,-1450,-5300
483,-2250,-3000,-6200,-2150,-3350,-2400,-3100,-4000,-5500,-7550,-2850,-3400,-2200,-5300,-4050,-3500,-1650,-3150,-3600,-8500,-9900,-7550,-3950,-1450,-4200
484,-1150,-3050,-6250,-2150,-3400,-2350,-3100,-2400,-5500,-7550,-2900,-3400,-2200,-5300,-4050,-3500,-1700,-5650,-3600,-8450,-9900,-8250,-3950,-1500,-4200
485,-1150,-3050,-6250,-2200,-3400,-2350,-3100,-2400,-5500,-7050,-2900,-3400,-2250,-5350,-3600,-3500,-1700,-5650,-3600,-8450,-9700,-8250,-3700,-1500,-3950
486,-1100,-3100,-6300,-2200,-3400,-1950,-3150,-2350,-5500,-7050,-2200,-3400,-2250,-5350,-3600,-3500,-1750,-5700,-3600,-8650,-9700,-8350,-3700,-50,-3950
487,-1100,-3100,-6300,-2300,-3400,-1950,-3150,-2350,-5150,-3050,-2200,-3450,-2300,-5400,-4100,-3550,-1750,-5700,-3150,-8650,-9350,-8350,-3700,-50,-4250
488,-1050,-2850,-2400,-2300,-3400,-1900,-3150,-4600,-5150,-3050,-2150,-3450,-2300,-5400,-4100,-3550,-1800,-5750,-3150,-8700,-9350,-8300,-3700,-1300,-4250
489,-1050,-2850,-2400,-2250,-3400,-1900,-3150,-4600,-3500,-3100,-2150,-3450,-1700,-5450,-3550,-3200,-1800,-5750,-8850,-8700,-9650,-8300,-4550,-1300,-4150
490,-700,-2800,-2350,-2250,-3450,-1850,-3200,-4700,-3500,-3100,-2450,-3450,-1700,-5450,-3550,-3200,-1850,-5800,-8850,-8600,-9650,-7750,-4550,-1350,-4150
491,-700,-2800,-2350,-3550,-3450,-1850,-3200,-4700,-3450,-2700,-2450,-3500,-1750,-4900,-3400,-3450,-1850,-5800,-8800,-8600,-9750,-7750,-4600,-1350,-4000
492,-650,-2100,-2300,-3550,-3450,-1800,-3200,-4650,-3450,-2700,-2100,-3500,-1750,-4900,-3400,-3450,-1900,-6500,-8800,-8550,-9750,-7800,-4600,-1000,-4000
493,-650,-2100,-2300,-3050,-3450,-1800,-3200,-1450,-3400,-2750,-2100,-3500,-1800,-4950,-3350,-3550,-1900,-6500,-8500,-8550,-9400,-7800,-4500,-1000,-4300
494,-600,-2150,-2250,-3050,-3500,-1650,-3250,-1450,-3400,-2750,-2500,-3500,-1800,-4950,-3350,-3550,-1950,-6450,-8500,-8750,-9400,-4150,-4500,-950,-4300
495,-600,-2150,-2250,-3800,-3500,-1650,-3250,-1700,-2700,-2800,-2500,-3550,-1850,-5000,-3950,-3350,-1950,-6450,-8450,-8750,-9600,-4150,-4450,-950,-4100
496,-550,-2200,-2150,-3800,-3500,-1750,-3250,-1700,-2700,-2800,-2050,-3550,-1850,-5000,-3950,-3350,-1500,-5950,-8450,-9000,-9600,-4200,-4450,-900,-4100
497,-550,-2200,-2150,-3850,-3500,-1750,-3250,-3950,-2650,-2850,-2050,-3550,-1900,-5050,-3550,-3400,-1500,-5950,-8650,-9000,-9000,-4200,-4050,-900,-4650
498,-500,-1900,-2200,-3850,-3500,-1700,-2850,-3950,-2650,-2850,-2550,-3550,-1900,-5050,-3550,-3400,-1550,-6400,-8650,-9050,-9000,-4250,-4050,-850,-4650
499,-500,-1900,-2200,-3900,-3500,-1700,-2850,-3800,-2600,-2900,-2550,-3550,-1950,-5100,-3500,-3450,-1550,-6400,-8700,-9050,-9050,-4250,-4050,-850,-4600
500,-450,-1950,-6100,-3900,-3550,-2000,-2850,-3800,-2600,-2900,-1900,-3550,-1950,-5100,-3500,-3450,-1600,-6350,-8700,-8950,-9050,-4250,-4050,-800,-4600
501,-450,-1950,-6100,-3650,-3550,-2000,-2850,-3800,-2550,-2950,-1900,-3600,-3800,-5150,-3450,-3500,-1600,-6350,-8600,-8950,-8950,-4250,-3750,-800,-3850
502,-400,-1650,-6050,-3650,-3550,-1600,-2900,-3800,-2550,-2950,-1950,-3600,-3800,-5150,-3450,-3500,-1900,-5900,-8600,-8900,-8950,-4300,-3750,-2750,-3850
503,-400,-1650,-6050,-3600,-3550,-1600,-2900,-3800,-2500,-3000,-1950,-3600,-3850,-5200,-3650,-3350,-1900,-5900,-8550,-8900,-8900,-4300,-3750,-2750,-3900
504,-850,-1700,-6000,-3600,-3550,-1550,-2900,-3800,-2500,-3000,-2000,-3600,-3850,-5200,-3650,-3350,-1900,-5850,-8550,-9250,-8900,-4100,-3750,-2700,-3900
505,-850,-1700,-6000,-3700,-3550,-1550,-2900,-3750,-2850,-2400,-2000,-2950,-3900,-4550,-3650,-3400,-1900,-5850,-8750,-9250,-9250,-4100,-3250,-2700,-4100
506,-800,-2000,-5950,-3700,-3550,-2100,-2650,-3750,-2850,-2400,-2300,-2950,-3900,-4550,-3650,-3400,-3650,-6300,-8750,-9200,-9250,-5350,-3250,-1100,-4100
507,-800,-2000,-5950,-3750,-3550,-2100,-2650,-3750,-2950,-2350,-2300,-3000,-3950,-4600,-3700,-3450,-3650,-6300,-7750,-9200,-9200,-5350,-3000,-1100,-4250
508,-900,-1750,-5900,-3750,-3600,-2050,-2600,-3750,-2950,-2350,-2350,-3000,-3950,-4600,-3700,-3450,-3700,-6000,-7750,-9150,-9200,-3250,-3000,-1050,-4250
509,-900,-1750,-5900,-4400,-3600,-2050,-2600,-3750,-3000,-2450,-2350,-3000,-5200,-4650,-3600,-4000,-3700,-6000,-7700,-9150,-9150,-3250,-3200,-1050,-4050
510,-950,-1800,-4950,-4400,-3600,-2400,-2450,-3750,-3000,-2450,-2250,-3000,-5200,-4650,-3600,-4000,-3750,-6750,-7700,-9100,-9150,-3200,-3200,-1150,-4050
511,-950,-1800,-4950,-4350,-3600,-2400,-2450,-3650,-2800,-2500,-2250,-3050,-5150,-4700,-4500,-4000,-3750,-6750,-9050,-9100,-9100,-3200,-3050,-1150,-4000
512,-750,-1850,-1200,-4350,-2950,-2500,-2450,-3650,-2800,-2500,-2400,-3050,-5150,-4700,-4500,-4000,-4650,-6700,-9050,-9300,-9100,-3100,-3050,-1200,-4000
513,-750,-1850,-1200,-4450,-2950,-2500,-2450,-3700,-3050,-2550,-2400,-3050,-5350,-4750,-4550,-3950,-4650,-6700,-9100,-9300,-8400,-3100,-3100,-1200,-3950
514,-1000,-4750,-1250,-4450,-2950,-2450,-2700,-3700,-3050,-2550,-1650,-3050,-5350,-4750,-4550,-3950,-4050,-6650,-9100,-8400,-8400,-3050,-3100,-1250,-3950
515,-1000,-4750,-1250,-3950,-2950,-2450,-2700,-3700,-2750,-2600,-1650,-3100,-5350,-4800,-4600,-3950,-4050,-6650,-8400,-8400,-4800,-3050,-3150,-1250,-3900
516,-1250,-7200,-1300,-3950,-2950,-2550,-2700,-3700,-2750,-2600,-1700,-3100,-5350,-4800,-4600,-3950,-3600,-6600,-8400,-4900,-4800,-3150,-3150,-4250,-3900
517,-1250,-7200,-1300,-4000,-2950,-2550,-2700,-3700,-2900,-2650,-1700,-3100,-5300,-4850,-4000,-4150,-3600,-6600,-8900,-4900,-4750,-3150,-2700,-4250,-4850
